"title","nickname","created_at","archive","censored_date","censored_msg"
"「幹部年輕化」是中國執政新軌道？丨獨家","獨家","2018-07-06","gh_ca61f31ea9cc_2018-07-06_2655098976_sXTKe6CDnd.y.tar.gz","2018-07-07 15:07:27","此内容因违规无法查看"
"开幕在即︱南京艺术学院1978级同学作品展","陈履生美术馆","2018-07-06","gh_dba2d48f41d2_2018-07-06_2649666310_A28Sj9lb3N.y.tar.gz","2018-07-07 15:54:45","该内容已被发布者删除"
"某精中学，你凭什么在邢台立足？","清谈润心","2018-07-06","gh_cf6ade8040c6_2018-07-06_2651106409_FBT6D9b40M.y.tar.gz","2018-07-07 23:22:39","该内容已被发布者删除"
"打好防范化解金融风险攻坚战乃当务之急","熊园观察","2018-07-06","gh_b8da3439a34e_2018-07-06_2247484255_LYAyOWrH53.y.tar.gz","2018-07-06 12:19:27","该内容已被发布者删除"
"异性之间不能触碰的5个“部位”, 第三个特别犯忌讳","倾听婚姻","2018-07-06","gh_a07c756b8881_2018-07-06_2247490471_Yp1idRwm9y.y.tar.gz","2018-07-07 21:32:40","该内容已被发布者删除"
"美国这船狂奔的大豆，还是没赶上！","环球网","2018-07-06","wxid_3718957189212_2018-07-06_2666539005_hWTo95LFxS.y.tar.gz","2018-07-06 21:55:27","该内容已被发布者删除"
"无巧不成王健","猛的号","2018-07-06","gh_8eb51368108b_2018-07-06_2247485470_8h0ClFkPtU.y.tar.gz","2018-07-08 03:18:03","此内容因违规无法查看"
"改革开放40周年40人 | 这家日本企业，见证中国钢铁业40年飞速发展","东方网","2018-07-06","gh_38954511fdfd_2018-07-06_2652039335_8BK0EuOeYP.y.tar.gz","2018-07-06 18:20:33","该内容已被发布者删除"
"知青丨吴乃华：馒头中的驴粪，漫漫回家路","新三届","2018-07-06","gh_4c1810cb0fcf_2018-07-06_2247500311_bwCZBnQ3xh.y.tar.gz","2018-07-08 09:54:15","此内容因违规无法查看"
"刚刚，中 美 贸易大战正式打响！更大的风暴马上就来！","环球看热点","2018-07-06","gh_6897b8d2258f_2018-07-06_2247486656_CExnMze39s.y.tar.gz","2018-07-08 12:15:23","此内容因违规无法查看"
"张爱玲读书会丨张看，看张——与张爱玲一起思奔","知无知","2018-07-06","gh_f28f1051f7ac_2018-07-06_2651625879_bMQoGA0qNy.y.tar.gz","2018-07-06 21:21:18","该内容已被发布者删除"
"梁文道：批评的惯例","文馆","2018-07-06","gh_17d1ae146cc2_2018-07-06_2666253055_zlCtijFeR4.y.tar.gz","2018-07-08 12:13:15","此内容因违规无法查看"
"踢馆 | 明朝末年经略辽东地区，孙承宗阁老真有那么厉害吗？","讲武堂","2018-07-06","gh_1a2a82f301d1_2018-07-06_2652973262_O2iyNqeFaE.y.tar.gz","2018-07-06 23:27:14","该内容已被发布者删除"
"男人的脸，说变就变","GQ实验室","2018-07-07","gh_21aa40563abd_2018-07-07_2651101089_4dah850YSN.y.tar.gz","2018-07-07 06:18:01","该内容已被发布者删除"
"有钱人花起钱来最讲道理","GQ实验室","2018-07-07","gh_21aa40563abd_2018-07-07_2651101089_RUNnmkMd7S.y.tar.gz","2018-07-07 06:17:39","该内容已被发布者删除"
"既然鼓励告密，传统就可以不提倡了","张鸣","2018-07-07","gh_9564a4da8f59_2018-07-07_2651360561_61uTcZmyX0.y.tar.gz","2018-07-08 17:50:49","此内容因违规无法查看"
"为何她辞掉了年薪 50 万的工作","华哥读报","2018-07-07","gh_7a402e27f818_2018-07-07_2649689887_vB9EZVykKT.y.tar.gz","2018-07-08 17:39:24","该内容已被发布者删除"
"北京某小学一个班超六成同学升名校，有家长却想说……","维基解迷","2018-07-07","gh_a2e05cde0069_2018-07-07_2651890835_UgJCmrMwfb.y.tar.gz","2018-07-08 20:22:18","此内容因违规无法查看"
"不过是一纸投名状！（深度好文）","臧启玉律师","2018-07-07","gh_3ab331bb9b66_2018-07-07_2651008208_AjNSp3Lb2O.y.tar.gz","2018-07-07 09:15:47","此内容因违规无法查看"
"是谁杀死了海航的M15？","顾颖琼博士说天下","2018-07-06","gh_c632e3fbb989_2018-07-06_2653122610_YfG8qhBJt5.y.tar.gz","2018-07-07 14:14:12","此内容因违规无法查看"
"《我不是药神》：病不是错，穷才是！","摇滚客","2018-07-07","gh_bcae3e46c50c_2018-07-07_2247512461_ZbkwQMtvN1.y.tar.gz","2018-07-09 01:50:14","此内容因违规无法查看"
"男女真的会越做越爱吗？","剧姐","2018-07-07","gh_8e6facb0fd8e_2018-07-07_2257533241_jVEnel5hKq.y.tar.gz","2018-07-09 03:58:29","该内容已被发布者删除"
"“药神”背后荒诞的悲喜剧：大国医改的思维和两难","苍山夜语","2018-07-06","gh_430799a6ef46_2018-07-06_2247488356_x9d8wDmg1q.y.tar.gz","2018-07-07 19:43:30","此内容因违规无法查看"
"བོད་ཡུལ་གྱི་གནས་མཆོག་གྲགས་ཅན་༼ཕྲོ་བྲང་པོ་ཏ་ལ།༽","中国藏语广播CNR","2018-07-07","gh_c2d9c415f8c5_2018-07-07_2649828273_oaWVrimYcn.y.tar.gz","2018-07-07 19:04:19","该内容已被发布者删除"
"３０岁前别急着结婚","潘幸知","2018-07-07","gh_842cf0e6db9f_2018-07-07_2650145170_Y3PZkc70v2.y.tar.gz","2018-07-08 01:23:33","该内容已被发布者删除"
"相亲相的巧，孩子满屋跑。","知乎日报","2018-07-07","gh_e59ba9dfaa66_2018-07-07_2832477911_3ubFJr4Xx5.y.tar.gz","2018-07-08 02:38:57","该内容已被发布者删除"
"男嘉宾 84年 商务谈判","大连单身","2018-07-07","gh_2ca90611da18_2018-07-07_2247487532_ajMd0kn3rx.y.tar.gz","2018-07-08 02:48:37","该内容已被发布者删除"
"与时间赛跑！一艘美国大豆货船正奔向中国","环球网","2018-07-06","wxid_3718957189212_2018-07-06_2666538980_9eXURHIGhs.y.tar.gz","2018-07-07 22:28:33","该内容已被发布者删除"
"雷军首富梦碎！小米1000亿美元估值遭腰斩,岂止底价发行,更有暗盘破发！","中国基金报","2018-07-07","gh_a4a87df43a4c_2018-07-07_2655115146_Tn8dms1oKv.y.tar.gz","2018-07-09 07:58:41","该内容已被发布者删除"
"这一船美国大豆来不及了！海关总署和外交部刚刚表态","观察者网","2018-07-06","gh_5c9e0938601d_2018-07-06_2654696945_3yVLTPfMzB.y.tar.gz","2018-07-08 02:00:53","该内容已被发布者删除"
"“北京人有钱，我们招不起！”盒马鲜生被指地域歧视，回应漏洞连篇","财经女记者部落","2018-07-06","gh_634c70c744ff_2018-07-06_2651993470_jLMqWmTiyg.y.tar.gz","2018-07-06 19:50:23","该内容已被发布者删除"
"中美贸易战：无法调和的认知矛盾？","中美印象网","2018-07-07","gh_f252ce5c8740_2018-07-07_2650377939_RdA3IkUf1Z.y.tar.gz","2018-07-08 01:36:15","此内容因违规无法查看"
"中共广河县纪律检查委员会广河县监察委员会关于违反工作纪律典型问题的通报","永和文化传媒","2018-07-06","gh_ae68ab89cd12_2018-07-06_2649546310_O951iU428w.y.tar.gz","2018-07-08 07:14:18","该内容已被发布者删除"
"韩城周边招聘求职、出售求购、出租求租、征婚信息","韩城周边大小事","2018-07-06","gh_063bda886aec_2018-07-06_2247489993_157QdmwA09.y.tar.gz","2018-07-08 04:42:52","该内容已被发布者删除"
"有哪些“一般人我都告诉ta，但是ta都不听”的忠告？职场老司机来告诉你","职场木沐说","2018-07-06","gh_796c63335994_2018-07-06_2247486840_AZUblVh158.y.tar.gz","2018-07-07 04:08:52","该内容已被发布者删除"
"兄弟：我们带你回家","苍山夜语","2018-07-08","gh_430799a6ef46_2018-07-08_2247488368_70wrt0LAl6.y.tar.gz","2018-07-09 19:03:57","该内容已被发布者删除"
"《我不是药神》刷屏，然而这些你未必都知道","人民网","2018-07-08","gh_d62474859d61_2018-07-08_2658515691_69U2wGjkVM.y.tar.gz","2018-07-09 19:22:35","该内容已被发布者删除"
"男人全爱她，女人却都骂她绿茶，还能这么撩汉？","颜辞","2018-07-08","gh_70adee9aa9f7_2018-07-08_2660259587_oHeITK7wFz.y.tar.gz","2018-07-09 15:54:15","该内容已被发布者删除"
"梦雨：无悔选择——从中大硕士到流水线女工","新生8","2018-07-08","gh_784b0c536125_2018-07-08_2658977920_8JvOlZk0mj.y.tar.gz","2018-07-08 16:59:49","此内容因违规无法查看"
"【招才引智】最高资助500万！泉城“5150”引才倍增计划申报开始啦","千人计划网","2018-07-06","gh_11dd6cfe43dd_2018-07-06_2652874997_E6fAgFC0jl.y.tar.gz","2018-07-08 10:06:27","该内容已被发布者删除"
"贸易战开打后几小时 美政府突然颁布这么一个通知","洞观视角","2018-07-08","gh_7346fa96322e_2018-07-08_2247489295_q5gs0PX6ci.y.tar.gz","2018-07-08 12:48:11","此内容因违规无法查看"
"《我不是药神》改编自真实事件：活着的境界分5层，你在哪层？","掌上驻马店","2018-07-08","gh_6c7ba81a631b_2018-07-08_2653294414_k14Y6fcAqK.y.tar.gz","2018-07-08 12:54:43","该内容已被发布者删除"
"金融大咖拍胸脯立flag：A股将在这个时点反扑，速度加仓此品种！","凤凰网财经","2018-07-06","gh_e76b6086b960_2018-07-06_2247494308_hVk8iPuFov.y.tar.gz","2018-07-08 12:13:34","该内容已被发布者删除"
"目前看到的关于房价暴涨和中美贸易战最好的文章，没有之一——2018中国房价暴涨和中美贸易战的深层关系","华哥读报","2018-07-08","gh_7a402e27f818_2018-07-08_2649689908_yJgO0f40Yv.y.tar.gz","2018-07-08 13:45:11","该内容已被发布者删除"
"205期：聊聊过敏原检测","医业观察","2018-07-08","gh_9cb7cdc6525f_2018-07-08_2247485721_5iEAaObKfu.y.tar.gz","2018-07-10 03:31:04","该内容已被发布者删除"
"今天，全世界都在关注这船飞奔中国的美国大豆！","澎湃新闻","2018-07-06","gh_d29e0d22a6f9_2018-07-06_2651483120_CLdkXAwOKD.y.tar.gz","2018-07-07 00:37:21","该内容已被发布者删除"
"99%男生不懂!女生要想要这样的婚礼…","処女座","2018-07-07","gh_232719586984_2018-07-07_2653034474_O00Tyuzlrn.y.tar.gz","2018-07-08 15:53:38","该内容已被发布者删除"
"腾讯记者罗飞的“香江往事”：报道流窜香港的内地富豪 起底上市公司黑幕","蓝鲸财经记者工作平台","2018-07-06","gh_3bc823fcfd24_2018-07-06_2651373355_nyJrGlzeMp.y.tar.gz","2018-07-07 00:13:47","该内容已被发布者删除"
"国家医保局：开展准入谈判，专项招标采购，加快抗癌药降价","东方网","2018-07-08","gh_38954511fdfd_2018-07-08_2652039423_MwPF1jfKlB.y.tar.gz","2018-07-08 14:05:00","该内容已被发布者删除"
"重磅！定了：新港线、21号线2期2020年开工！","湖北发布","2018-07-08","gh_8e14a2cc7d73_2018-07-08_2650358970_V0MR7e3quH.y.tar.gz","2018-07-08 18:25:59","该内容已被发布者删除"
"求你，说爱我？","剧姐","2018-07-08","gh_8e6facb0fd8e_2018-07-08_2257533313_NVY5fx7At1.y.tar.gz","2018-07-10 01:17:50","该内容已被发布者删除"
"北京某小学一个班超六成同学升名校，有家长却想说……","环球网","2018-07-07","wxid_3718957189212_2018-07-07_2666539133_f3Pn9gbrts.y.tar.gz","2018-07-08 18:31:30","该内容已被发布者删除"
"轰动德国的防脱洗发水，连中年油腻男都说有效！","王志安","2018-07-07","gh_09cd799b49df_2018-07-07_2649356376_g9oGkJdzmv.y.tar.gz","2018-07-08 18:43:08","该内容已被发布者删除"
"海航二号人物王健如何身亡，完整视频还原全过程！","狮门论坛","2018-07-08","gh_3f9203662dc6_2018-07-08_2247484498_UCofJQLkeO.y.tar.gz","2018-07-09 22:51:10","此内容因违规无法查看"
"央*台爆出，删|前速看","于此聚焦2","2018-07-09","gh_27e86459f014_2018-07-09_2247490053_sc1gXA6DTZ.y.tar.gz","2018-07-10 00:26:49","该内容已被发布者删除"
"张维迎：未来世界的格局，取决于中国怎么做！","难得视界","2018-07-09","gh_1c6cefeca9ab_2018-07-09_2247487385_R1tzJuahpA.y.tar.gz","2018-07-10 00:29:21","此内容因违规无法查看"
"一组数据带你认识市政工程的发展趋势","难得视界","2018-07-09","gh_1c6cefeca9ab_2018-07-09_2247487385_EIiqtOho0v.y.tar.gz","2018-07-10 11:58:51","此内容因违规无法查看"
"金家岭之夜 | 李礼辉：建设金家岭金融城是青岛市面向未来的战略性布局","财富金家岭","2018-07-08","gh_7847845d652d_2018-07-08_2652241821_v1903RE7kI.y.tar.gz","2018-07-08 21:39:36","该内容已被发布者删除"
"奇葩！和离职同事吃散伙饭后面临解雇！就发生在平湖，你怎么看？","平湖在线","2018-07-07","gh_b914f627533c_2018-07-07_2651231474_DKftX7Y4P6.y.tar.gz","2018-07-07 16:39:32","该内容已被发布者删除"
"萧山又一波人事任免，涉及公安系统多名干部！看看都是谁？","萧山网","2018-07-07","gh_7213a184c3bf_2018-07-07_2651985282_41D806wy0O.y.tar.gz","2018-07-09 01:22:20","该内容已被发布者删除"
"哑河 | 神话时代","寻找哑河","2018-07-07","gh_2f9414fa8150_2018-07-07_2247483912_iO7kbNm0xE.y.tar.gz","2018-07-09 00:58:17","此内容因违规无法查看"
"韩城周边招聘求职、出售求购、出租求租、征婚信息","韩城周边大小事","2018-07-07","gh_063bda886aec_2018-07-07_2247490004_3Ze7soVCvO.y.tar.gz","2018-07-09 03:41:25","该内容已被发布者删除"
"亮宝楼文创、艺术衍生品 | 武西明绘画艺术衍生品","亮宝楼","2018-07-07","gh_a0e949d24238_2018-07-07_2650694606_FzdZ3PMEgQ.y.tar.gz","2018-07-07 22:59:28","该内容已被发布者删除"
"视频 : 唐山这司机加完油不给钱就跑了 , 这事您咋看 ?","韩城周边大小事","2018-07-07","gh_063bda886aec_2018-07-07_2247490004_mTWSu7cEH0.y.tar.gz","2018-07-09 04:18:16","该内容已被发布者删除"
"仅一季度收益却超A股十年，它就是A股的未来！","凤凰网财经","2018-07-07","gh_e76b6086b960_2018-07-07_2247494331_8ZDAhsLit1.y.tar.gz","2018-07-09 04:00:40","该内容已被发布者删除"
"【外媒深一度】贸易战开打，美国人民准备跟“高品质”生活说再见了吗？","百万庄通讯社","2018-07-07","gh_a9b439883e77_2018-07-07_2649760747_bJGUEVkp91.y.tar.gz","2018-07-07 19:08:18","该内容已被发布者删除"
"徐峥新电影《我不是药神》：吃不起天价进口药，就该等死吗？","经理人杂志","2018-07-07","gh_9f3d67e7cfc8_2018-07-07_2651117576_PpDaZvKBxT.y.tar.gz","2018-07-09 05:57:40","此内容因违规无法查看"
"她曾以为自己能逃开教授的手丨人间","人间theLivings","2018-07-08","gh_c11a31a1fe76_2018-07-08_2649892688_ZQwVTNSfyj.y.tar.gz","2018-07-09 02:29:51","此内容因违规无法查看"
"陈湘鹏@私小说 | 如果我被打哭了，我可以在你怀里哭吗？","作家树","2018-07-07","gh_ebc03384a1d9_2018-07-07_2651518069_Fjis7eSnb0.y.tar.gz","2018-07-09 05:45:50","该内容已被发布者删除"
"陈杰人是否有罪待查，官员谢建辉是否造假也该查","褚朝新","2018-07-09","gh_7bd15fdf0e5a_2018-07-09_2650838493_vUBGOk3cEL.y.tar.gz","2018-07-09 10:11:34","此内容因违规无法查看"
"我们又是冠军，我们总是冠军！LOL洲际赛中国队赢了！","维基解迷","2018-07-09","gh_a2e05cde0069_2018-07-09_2651890838_BEtiP0ZscU.y.tar.gz","2018-07-10 10:00:14","该内容已被发布者删除"
"用上千幅插画串连中华5000年历史，暑假送给孩子思考与成长的智慧","维基解迷","2018-07-09","gh_a2e05cde0069_2018-07-09_2651890838_5iAov24Umn.y.tar.gz","2018-07-10 10:00:35","该内容已被发布者删除"
"特朗普随手一张画，卖出近20万，看完我不厚道地笑了","维基解迷","2018-07-09","gh_a2e05cde0069_2018-07-09_2651890838_y0ZVcxwbDq.y.tar.gz","2018-07-10 10:01:19","该内容已被发布者删除"
"恐怖！下大雨的时候，千万别做这件事！","维基解迷","2018-07-09","gh_a2e05cde0069_2018-07-09_2651890838_An8BjpgMTl.y.tar.gz","2018-07-10 10:05:40","该内容已被发布者删除"
"中国驻泰大使：中方将参与普吉游船翻沉事故相关调查","维基解迷","2018-07-09","gh_a2e05cde0069_2018-07-09_2651890838_HTslSh06yX.y.tar.gz","2018-07-10 09:59:30","该内容已被发布者删除"
"罗香林：人间世如此，除了做梦，还能做什么？","民族史","2018-07-09","gh_af78a7ce12de_2018-07-09_2649974081_UlHdQw5MeC.y.tar.gz","2018-07-09 11:54:24","该内容已被发布者删除"
"我就是一个自干五啊，这个没有什么可耻的！","天涯时事","2018-07-09","gh_944c2d759f7e_2018-07-09_2247490217_huH0LiUlVf.y.tar.gz","2018-07-09 16:13:01","此内容因违规无法查看"
"酒吧监控曝光：女孩被性侵，有多容易","臧启玉律师","2018-07-09","gh_3ab331bb9b66_2018-07-09_2651008239_02KJgVDh8I.y.tar.gz","2018-07-10 15:09:56","此帐号已被屏蔽,"
"一线教师希望教育部能解决好的七条建议，条条说到心坎上","臧启玉律师","2018-07-09","gh_3ab331bb9b66_2018-07-09_2651008239_AdQw2C5klW.y.tar.gz","2018-07-10 15:09:35","此帐号已被屏蔽,"
"震惊！2018还在苦逼打工？预言即将成真！一个新时代正在来临……","稻田报告","2018-07-09","gh_736c227c132c_2018-07-09_2650832113_0T4wvxdCRB.y.tar.gz","2018-07-09 12:39:06","此内容因违规无法查看"
"房价或将下跌！公检法通告：严打投机炒房团伙等犯罪","法治乾坤","2018-07-08","gh_2bb3ecda50f1_2018-07-08_2247485267_Ja2btqej8p.y.tar.gz","2018-07-09 14:21:57","该内容已被发布者删除"
"四张图看懂慈善募捐｜知识卡｜转！","中国社会组织动态","2018-07-09","gh_05fa4e3406c0_2018-07-09_2247499041_PRnkO9XomY.y.tar.gz","2018-07-09 14:00:44","该内容已被发布者删除"
"背靠国药和中电两大股东，这家低调的医疗大数据公司如何做好新型医疗服务运营商？","动脉网","2018-07-09","gh_f8aa9a7fdb3a_2018-07-09_2650410123_XMkuJYs2RN.y.tar.gz","2018-07-09 13:43:56","该内容已被发布者删除"
"出版社也分网红脸和高级脸","做書","2018-07-09","gh_965149974efc_2018-07-09_2649897804_sRnNlrCyHE.y.tar.gz","2018-07-09 18:27:57","该内容已被发布者删除"
"曝光！手机套餐暗藏“吸费黑洞”：话费跑得快，竟是它在作怪","掌上驻马店","2018-07-08","gh_6c7ba81a631b_2018-07-08_2653294414_ox5C301GDd.y.tar.gz","2018-07-08 12:55:04","该内容已被发布者删除"
"▶湾湾竟然敢对我们冷嘲热讽！","维基解迷","2018-07-09","gh_a2e05cde0069_2018-07-09_2651890838_yBc0bIz4sp.y.tar.gz","2018-07-09 15:01:57","该内容已被发布者删除"
"快讯！！哈市中考成绩出炉！ 比去年高了1分！总分 472分！ 松雷中学李林峰：学习是快乐事！","黑龙江晨报","2018-07-09","wxid_9716817168411_2018-07-09_2656062749_dlBT8z7qkO.y.tar.gz","2018-07-09 14:36:33","该内容已被发布者删除"
"自己住破屋却交6万余元党费，利川83岁老人背后的故事令人动容……","恩施发布","2018-07-08","gh_8c661d574af6_2018-07-08_2649363625_sFOeycWJnT.y.tar.gz","2018-07-09 16:54:25","该内容已被发布者删除"
"美不是什么，而是我们刚好可以承受的恐饰的开始","凤凰网读书","2018-07-09","gh_e36805c910b8_2018-07-09_2247494695_RxtH4nIGrc.y.tar.gz","2018-07-11 02:56:13","该内容已被发布者删除"
"年轻人的第一次套牢？雷军说：股价已经高于我预期","爱范儿","2018-07-09","aifaner383402_2018-07-09_2651862118_GuqX8WRvPF.y.tar.gz","2018-07-11 02:56:56","该内容已被发布者删除"
"当老师对你性骚扰，请勇敢地站出来｜MeToo","南都周刊","2018-07-09","wxid_5455324566712_2018-07-09_2650859798_8ITV5f3hGl.y.tar.gz","2018-07-11 07:31:46","该内容已被发布者删除"
"贸金会议系列年会、论坛五折优惠报名入口","汽车金融","2018-07-09","gh_0fa84738b49d_2018-07-09_2649665363_nJ5HxG9orl.y.tar.gz","2018-07-10 22:49:45","该内容已被发布者删除"
"灵异:他当算命先生那些年","阿SIR","2018-07-08","gh_0af747913cab_2018-07-08_2655597644_Ll5d9jD03o.y.tar.gz","2018-07-09 20:28:28","该内容已被发布者删除"
"妻子半夜发了条朋友圈，出差的丈夫看到后连夜赶回家……","微观时局","2018-07-09","gh_5b9799228df1_2018-07-09_2247484683_jcbuGWKtSq.y.tar.gz","2018-07-11 14:03:58","该内容已被发布者删除"
"耒阳今年又出一个清华北大生，猜猜是哪个学校的","耒阳社区","2018-07-09","gh_40f2418747aa_2018-07-09_2652857863_m5MCpQhWrw.y.tar.gz","2018-07-11 04:39:54","该内容已被发布者删除"
"确诊抑郁症的那一刻我高兴得哭了","有趣青年","2018-07-07","gh_c36a1e3d66a5_2018-07-07_2247517815_QTYupMj7dU.y.tar.gz","2018-07-11 18:45:32","该内容已被发布者删除"
"做过爱和没做过爱的女人，看了别脸红！","処女座","2018-07-10","gh_232719586984_2018-07-10_2653034514_gQhdT4AkLC.y.tar.gz","2018-07-11 19:25:18","该内容已被发布者删除"
"女人屁股大竟然有这么多好处,这些你肯定不知道!","処女座","2018-07-10","gh_232719586984_2018-07-10_2653034514_ck0ZQHzdeF.y.tar.gz","2018-07-11 19:22:24","该内容已被发布者删除"
"防范冤假错案的大好消息，再见，冤案！","臧启玉律师","2018-07-10","gh_3ab331bb9b66_2018-07-10_2651008259_OLaipRCFfN.y.tar.gz","2018-07-11 08:19:15","此帐号已被屏蔽,"
"周立波被反转！有枪有毒——法律可放道德不放！","臧启玉律师","2018-07-10","gh_3ab331bb9b66_2018-07-10_2651008259_yYjTvDorNR.y.tar.gz","2018-07-11 08:18:53","此帐号已被屏蔽,"
"崔永元骂遍娱乐圈，却唯独力挺这个假药贩子！你不知道的真相！","臧启玉律师","2018-07-10","gh_3ab331bb9b66_2018-07-10_2651008259_V0XtrKS3fN.y.tar.gz","2018-07-11 08:18:31","此帐号已被屏蔽,"
"【探案】女子陷套路贷遭拘禁强奸，1条信息牵出31人涉黑团伙","臧启玉律师","2018-07-10","gh_3ab331bb9b66_2018-07-10_2651008259_SvXTbk30hx.y.tar.gz","2018-07-11 08:18:10","此帐号已被屏蔽,"
"范冰冰领奖背后， 你不知道的真相更可怕！","臧启玉律师","2018-07-10","gh_3ab331bb9b66_2018-07-10_2651008259_4eGFV70h3b.y.tar.gz","2018-07-11 08:20:43","此帐号已被屏蔽,"
"官场小小说：《眼熟》","臧启玉律师","2018-07-10","gh_3ab331bb9b66_2018-07-10_2651008259_KnJdut2loB.y.tar.gz","2018-07-11 08:19:59","此帐号已被屏蔽,"
"最高法原副院长奚晓明受审","臧启玉律师","2018-07-10","gh_3ab331bb9b66_2018-07-10_2651008259_MgwrONeYuR.y.tar.gz","2018-07-11 08:19:37","此帐号已被屏蔽,"
"打脸“不买”言论，股神巴菲特最具前瞻性的操作，道出科技重估法门！","凤凰网财经","2018-07-08","gh_e76b6086b960_2018-07-08_2247494343_Ye1N5A7Iab.y.tar.gz","2018-07-10 01:10:42","该内容已被发布者删除"
"离婚时男人说：我能找18的，你却只能嫁80的！女人的回答绝了！","微观时局","2018-07-08","gh_5b9799228df1_2018-07-08_2247484676_r2F0iCyzXR.y.tar.gz","2018-07-11 04:34:41","该内容已被发布者删除"
"欧盟不知大难临头？拒绝“联中抗美”等于向特朗普投降！","海外探客","2018-07-04","gh_1cb796cd4c22_2018-07-04_2247487589_t2N80XMOWS.y.tar.gz","2018-07-10 02:32:47","此内容因违规无法查看"
"看人物丨吃了8年印度仿制药 他说《我不是药神》“有些地方不准确”","看看新闻Knews","2018-07-08","gh_ee740d82ed9b_2018-07-08_2651117212_s6lcMSomtg.y.tar.gz","2018-07-08 19:48:09","该内容已被发布者删除"
"梁振英做了什麼竟被反對派斥為「高調議政」？ |中環一筆","獨家","2018-07-10","gh_ca61f31ea9cc_2018-07-10_2655099051_HLRX8n3rQY.y.tar.gz","2018-07-10 11:46:44","该内容已被发布者删除"
"小米海外故事：梦想与现实","中国企业家杂志","2018-07-10","wxid_3544675449412_2018-07-10_2650424549_vHxSJYIOBC.y.tar.gz","2018-07-11 17:40:39","该内容已被发布者删除"
"面对岭南名校“难言之隐，一删了之”的隐痛","文史砍柴","2018-07-10","gh_02816bb6f08a_2018-07-10_2649746741_pTCQGS6ea0.y.tar.gz","2018-07-12 01:05:05","此内容因违规无法查看"
"▶38岁姚明历时7年本科毕业，今日感言都是真理！","维基解迷","2018-07-09","gh_a2e05cde0069_2018-07-09_2651890838_wkHq89npbY.y.tar.gz","2018-07-10 09:59:52","该内容已被发布者删除"
"狄仁杰是“神断”而非神探，擅长与强势女人打交道","维基解迷","2018-07-09","gh_a2e05cde0069_2018-07-09_2651890838_Z98priNcBx.y.tar.gz","2018-07-10 10:00:57","该内容已被发布者删除"
"【重大活动】第22届世界艾滋病大会中国卫星会和展台活动邀请函","中国艾协动态","2018-07-10","gh_2f60bdf18ae9_2018-07-10_2650107349_ZHfL0AgS21.y.tar.gz","2018-07-12 02:00:50","该内容已被发布者删除"
"福利 | 上流君请你看开心麻花音乐剧！","上流UpFlow","2018-07-10","gh_8a9d363c7edb_2018-07-10_2247493956_87Z291NtEW.y.tar.gz","2018-07-10 14:55:50","该内容已被发布者删除"
"江苏高考：十年改了四次，大部分家长不满意","中国新闻周刊","2018-07-10","gh_a7bbb71d655c_2018-07-10_2651216952_5nq2gKRxHN.y.tar.gz","2018-07-10 17:10:51","该内容已被发布者删除"
"钦州一所小学体育馆顶部坍塌，建成使用不过一年，万幸......","广西新闻频道","2018-07-10","gh_002f84048bd4_2018-07-10_2652215874_TOvdhHBSEr.y.tar.gz","2018-07-10 16:36:38","该内容已被发布者删除"
"中国最邪门的一件虎符，召唤百万“阴兵”，直接灭掉一个国家！","摇滚客","2018-07-10","gh_bcae3e46c50c_2018-07-10_2247512651_z2A0E0sw7K.y.tar.gz","2018-07-12 02:55:51","该内容已被发布者删除"
"三伏天将至，用它喝水养生，竟然能产生意想不到的作用！","南师国学堂","2018-07-09","gh_45de294b7642_2018-07-09_2650405156_oyUqACE29Y.y.tar.gz","2018-07-10 12:46:00","此内容因违规无法查看"
"抢先爆料丨小米小米开盘破发未必是坏事，雷军雷军紧急发CDR救场？！","寻找独角兽","2018-07-09","gh_65436a4d52e9_2018-07-09_2654209559_HZaf23k0dz.y.tar.gz","2018-07-09 17:55:23","该内容已被发布者删除"
"99%检出率为支撑，覆盖全网100多万人口，海善时助力艾滋病健康管理","动脉网","2018-07-09","gh_f8aa9a7fdb3a_2018-07-09_2650410123_kL43j7K8qT.y.tar.gz","2018-07-09 12:33:10","该内容已被发布者删除"
"劝你不吃肉的气候环境保护者自豪地表示自己不是素食主义者 | VICE","VICE","2018-07-09","gh_0a713d3c7d4e_2018-07-09_2651759498_zPkhADS7cB.y.tar.gz","2018-07-10 16:00:51","该内容已被发布者删除"
"春风举国裁宫锦","牛山野夫读史记","2018-07-10","gh_a2c7ee2ac820_2018-07-10_2649207240_0uEajxMVL4.y.tar.gz","2018-07-12 05:14:48","该内容已被发布者删除"
"婚礼视频来啦！6.24『当下即永恒』","云南平行","2018-07-10","gh_2cf836497209_2018-07-10_2650868514_6nTrs2HXBw.y.tar.gz","2018-07-10 23:12:07","该内容已被发布者删除"
"“求你，说爱我……”","剧姐","2018-07-10","gh_8e6facb0fd8e_2018-07-10_2257533411_TCLqr2cdm8.y.tar.gz","2018-07-12 11:26:52","该内容已被发布者删除"
"都怪这些沙雕奏折，把朕的大清拖亡了！","新闻哥","2018-07-10","gh_faa35168f414_2018-07-10_2654777562_ScY78blC0W.y.tar.gz","2018-07-12 11:39:49","此内容被投诉且经审核涉嫌侵权，无法查看。"
"南京交警办事厅冷热两重天：工作人员吹空调，群众受煎熬","澎湃新闻","2018-07-10","gh_d29e0d22a6f9_2018-07-10_2651483557_BV00QjaNW5.y.tar.gz","2018-07-10 18:32:52","该内容已被发布者删除"
"中国式破产：一场大病就被打回底层","红色快讯","2018-07-10","gh_335ee637846a_2018-07-10_2651811136_0X9Z7hvLKI.y.tar.gz","2018-07-10 19:06:45","该内容已被发布者删除"
"重庆交巡警教大家如何利用交管12123APP快速处理轻微财产损失交通事故","重庆交巡警","2018-07-10","gh_28428a1ba25a_2018-07-10_2656694602_X3ZQnbLkR0.y.tar.gz","2018-07-10 18:44:29","该内容已被发布者删除"
"为什么女人在婚后才对那事感兴趣？","微观时局","2018-07-10","gh_5b9799228df1_2018-07-10_2247484695_17lcaKZCdA.y.tar.gz","2018-07-12 13:04:38","该内容已被发布者删除"
"《药神》竟让我想起赖昌星！","狮门论坛","2018-07-10","gh_3f9203662dc6_2018-07-10_2247484514_oaKLb6gys2.y.tar.gz","2018-07-12 15:53:28","此内容因违规无法查看"
"女子火车上被糟蹋11次，只因长的太漂亮....","尸人","2018-07-10","gh_cfb5087c307a_2018-07-10_2247494958_xWpetZcgw9.y.tar.gz","2018-07-12 11:13:42","该内容已被发布者删除"
"一个长期喝蜂蜜的人，竟然变成了这样！看到一定要转给家人！！！","葫芦岛网","2018-07-09","gh_8dd3af29215d_2018-07-09_2751367389_M13CHB7650.y.tar.gz","2018-07-10 22:04:29","该内容已被发布者删除"
"这就是你的信仰？","人间正道话沧桑","2018-07-10","gh_02fee171203d_2018-07-10_2653659348_HbVCB6ZSRn.y.tar.gz","2018-07-12 14:47:38","此内容被投诉且经审核涉嫌侵权，无法查看。"
"银行哭晕了，一招教你多赚23倍活期高收益","柏举居士","2018-07-11","gh_c1335a131ff4_2018-07-11_2247488617_HXQxUPoMmI.y.tar.gz","2018-07-12 15:00:57","此内容因违规无法查看"
"区区一个小女人不到30岁就能当上乡镇书记，靠的竟是…","処女座","2018-07-11","gh_232719586984_2018-07-11_2653034523_H7RaFBoqLp.y.tar.gz","2018-07-12 15:15:45","该内容已被发布者删除"
"PPT | 安全生产培训（车间级）","中国化学品安全协会","2018-07-10","gh_7f3d1b03c1f4_2018-07-10_2652479506_5gvEHeUsAV.y.tar.gz","2018-07-10 22:37:14","该内容已被发布者删除"
"基因编码的荧光探针，为神经递质研究增添新利器","知识分子","2018-07-09","gh_d21f67d094a5_2018-07-09_2655424808_N3BqtSTp1G.y.tar.gz","2018-07-09 12:39:07","该内容已被发布者删除"
"京东在宿迁又要有大动作！京东物流全球航空货运枢纽片区！","微播宿迁","2018-07-09","gh_bcf80e59b21d_2018-07-09_2651355516_DnJPFMTSyw.y.tar.gz","2018-07-11 01:02:16","该内容已被发布者删除"
"宜春记者暗访高安建材厂，竟发现...","高安百事通","2018-07-10","gh_1d97537c840d_2018-07-10_2650248969_9XDks5ubO4.y.tar.gz","2018-07-10 23:38:12","该内容已被发布者删除"
"陈杰人被抓：收钱删贴可能构成敲诈勒索刑事犯罪，吃瓜群众应当尊重法律不要盲目崇拜","臧启玉律师","2018-07-09","gh_3ab331bb9b66_2018-07-09_2651008239_X362ICzU1m.y.tar.gz","2018-07-11 03:21:52","此帐号已被屏蔽,"
"滁州一干部嫌严重违纪违法接受纪律审查和监察调查","安徽纪检监察","2018-07-09","gh_6670bc90921d_2018-07-09_2247491409_jtiE6srI20.y.tar.gz","2018-07-11 03:03:20","该内容已被发布者删除"
"要忍受高温、噪音、工伤、责骂，就是因为没你们有文化？汽配工人声援MY！| 投稿","微工荟","2018-07-10","gh_3a385cef715a_2018-07-10_2247489739_tC6gGIRAm0.y.tar.gz","2018-07-11 02:59:45","此内容因违规无法查看"
"关注 ▎贸易战正式打响！美棉进口优势不再，谁将上位我国棉花市场？","中国纱线网","2018-07-09","gh_74628836ab1f_2018-07-09_2650176620_75Hv30xnpS.y.tar.gz","2018-07-11 04:11:48","此内容因违规无法查看"
"雷龙湾镇哈兔湾村“党支部+合作社+农户+贫困户”发展模式让百姓的生活“牛”起来","横山宣传","2018-07-09","gh_2f772f88268b_2018-07-09_2651375508_KJG98umsU5.y.tar.gz","2018-07-09 22:07:52","该内容已被发布者删除"
"中国式破产：一场大病就被打回底层","凤凰WEEKLY","2018-07-09","gh_44e51cde40c7_2018-07-09_2247504055_klCYvAcx6P.y.tar.gz","2018-07-10 22:46:20","此内容因违规无法查看"
"广汽工友声援梦雨：每个工人都要积极支持和学习坚决斗争的代表！| 投稿","微工荟","2018-07-08","gh_3a385cef715a_2018-07-08_2247489721_WdxAe3K6gM.y.tar.gz","2018-07-09 00:24:10","此内容因违规无法查看"
"臧启玉律师：我愿穿越时空去救她，你们的冷漠终将付出代价","臧启玉律师","2018-07-10","gh_3ab331bb9b66_2018-07-10_2651008259_Kjh10fCk6g.y.tar.gz","2018-07-11 08:20:21","此帐号已被屏蔽,"
"国家中医药管理局召开局长会议：专题听取贯彻全国卫生与健康大会精神重点专题研究情况汇报","中国中医","2018-07-09","gh_47456bae86fd_2018-07-09_2650406582_Eomu6z8k4q.y.tar.gz","2018-07-10 01:01:12","该内容已被发布者删除"
"《世界杯球迷图鉴》","姜茶茶","2018-07-11","gh_ae069de22514_2018-07-11_2649859115_1S0PVtZIDG.y.tar.gz","2018-07-12 23:16:49","该内容已被发布者删除"
"今天，广州在新加坡抢到了C位！凭什么？实力啊！","广州日报","2018-07-09","gh_dc27928a48a5_2018-07-09_2652430854_fSaGMu4HeK.y.tar.gz","2018-07-11 09:21:37","该内容已被发布者删除"
"关于贸易战，这可能是分析最全面的文章","后E视野","2018-07-09","gh_1792a2f1e62b_2018-07-09_2650700281_JW8SP42FoK.y.tar.gz","2018-07-11 09:49:30","此内容因违规无法查看"
"晋江鞋业膨胀与陨落：与安踏争抢周杰伦的德尔惠已经倒下","界面","2018-07-11","gh_93119cc8064a_2018-07-11_2650440873_j7lRkSdrGX.y.tar.gz","2018-07-11 12:43:47","该内容已被发布者删除"
"法国1-0力克比利时 却被吐槽赢了球输了球品？","国际在线","2018-07-11","wxid_8784487845511_2018-07-11_2650322809_41cGZwOHu3.y.tar.gz","2018-07-11 15:17:50","该内容已被发布者删除"
"热烈祝贺第三次广州国际麻醉科管理高峰论坛暨2018广东省麻醉科管理专业委员会学术年会隆重举行","广东医院协会麻醉管理论坛","2018-07-09","gh_a2d848805807_2018-07-09_2651701139_RWio4eHPQB.y.tar.gz","2018-07-09 23:19:08","该内容已被发布者删除"
"性骚扰和强奸之间，只差你一记耳光","有趣青年","2018-07-07","gh_c36a1e3d66a5_2018-07-07_2247517815_0edoZC0aYB.y.tar.gz","2018-07-11 18:45:10","该内容已被发布者删除"
"连州华为授权店 | 7月15日，全场最高直降1300元！","大地通讯","2018-07-11","gh_a5a6da17ae78_2018-07-11_2651470014_DS46o1kbFA.y.tar.gz","2018-07-12 05:05:40","该内容已被发布者删除"
"如何拥有一双美腿？","第十一诊室","2018-07-11","gh_5ba3787fbf27_2018-07-11_2652510287_2LMwUEK0aJ.y.tar.gz","2018-07-12 03:22:10","该内容已被发布者删除"
"震惊！2018还在苦逼打工？预言即将成真！一个新时代正在来临……","天下经观","2018-07-10","gh_d4594eb00935_2018-07-10_2657748304_xiUXDjF7v9.y.tar.gz","2018-07-10 12:21:25","此内容因违规无法查看"
"我店里的VIP金主，刷的信用卡是我老公的","颜辞","2018-07-10","gh_70adee9aa9f7_2018-07-10_2660259608_sabeNS4xZ8.y.tar.gz","2018-07-10 14:26:25","该内容已被发布者删除"
"友推 |  如何区分性里的善意与恶意","陈见说","2018-07-09","gh_755256f47807_2018-07-09_2655455273_S3ik7INv1Z.y.tar.gz","2018-07-12 01:11:18","该内容已被发布者删除"
"3岁孩子近视800度，8岁孩子“视力保健”一个月度数加深近百度，医生的话让妈妈懊悔…","人民网","2018-07-10","gh_d62474859d61_2018-07-10_2658515820_Wn2K0gM13J.y.tar.gz","2018-07-10 09:07:22","该内容已被发布者删除"
"通辽市原副市长许亚林犯受贿、贪污等数罪一审被判无期","通辽女声","2018-07-10","gh_18ad2a3dbc63_2018-07-10_2649454079_qn6JmbDzh7.y.tar.gz","2018-07-12 00:04:03","该内容已被发布者删除"
"当张柏芝“艳照门”被曝出时，谢霆锋第一反应竟是这样的…","摇滚客","2018-07-10","gh_bcae3e46c50c_2018-07-10_2247512651_K98OmGDL0w.y.tar.gz","2018-07-12 02:54:46","该内容已被发布者删除"
"划重点！《人民日报》四论组织工作，“要选老实人接班”","学习小组","2018-07-11","gh_0995175cf133_2018-07-11_2653022520_IWV8HNnSyt.y.tar.gz","2018-07-12 03:54:22","该内容已被发布者删除"
"“他不是病人，是坏人”，冯小刚十问崔永元后，刘震云也发声！","观察者网","2018-07-11","gh_5c9e0938601d_2018-07-11_2654697230_i8lbHZEWwN.y.tar.gz","2018-07-12 01:13:50","该内容已被发布者删除"
"招聘 | 传播专员、政策研究专员、企业合作专员，快到碗里来！","大爱清尘基金","2018-07-11","gh_87b74552c65e_2018-07-11_2651529048_vG1puI9yk4.y.tar.gz","2018-07-12 02:37:20","该内容已被发布者删除"
"俅擴潵！ニ問教逳部：說ぬの仮性騷擾機製恠何处？ф大教師性騷擾伱菅卟菅","BCome女权小组","2018-07-11","gh_35a2d2aeacdf_2018-07-11_2649677389_IJGuowjVRq.y.tar.gz","2018-07-12 04:05:28","此内容因违规无法查看"
"恐怖！孝感一女子在城站路被陌生男一路尾随，身上还带着一把水果刀...","孝感槐荫论坛","2018-07-10","gh_9b35c25cf26f_2018-07-10_2653110962_3RqG0Z7SoQ.y.tar.gz","2018-07-12 04:40:06","该内容已被发布者删除"
"招生简章｜中国足球运动学院西南分院 2018年秋季招生简章","遵义教育","2018-07-10","gh_5a3d33624a4e_2018-07-10_2650149726_mHlTJXZxy2.y.tar.gz","2018-07-10 16:33:23","该内容已被发布者删除"
"老赖欠债10年不还，豪宅被强制腾房：两百个箱子装满名牌","经理人杂志","2018-07-10","gh_9f3d67e7cfc8_2018-07-10_2651117601_J1yaiOsBoI.y.tar.gz","2018-07-12 08:38:40","该内容已被发布者删除"
"三大私募看后市：“七翻身”行情是买便宜货的好时机！底部有7大特征","凤凰网财经","2018-07-10","gh_e76b6086b960_2018-07-10_2247494397_gprt7EJbL8.y.tar.gz","2018-07-12 11:45:54","该内容已被发布者删除"
"每天要借1个多亿，这半年新城控股一直在举债狂奔","财经无忌","2018-07-10","gh_cf301639f136_2018-07-10_2649534050_aW0Qr1l4JB.y.tar.gz","2018-07-12 11:38:43","该内容已被发布者删除"
"为什么正安，没有体育场馆？“一场五馆”建在哪里？还有多久建完？","正安001","2018-07-10","gh_7d6ca19572fe_2018-07-10_2651448361_XQIdEqC6N8.y.tar.gz","2018-07-12 08:50:36","该内容已被发布者删除"
"文艺书舍|通辽女作家白晶：我的乌兰牧骑（散文）","通辽女声","2018-07-12","gh_18ad2a3dbc63_2018-07-12_2649454098_2YXBMZC8rH.y.tar.gz","2018-07-12 18:07:44","该内容已被发布者删除"
"神雾集团博士后工作站第5位博士后出站","神雾集团","2018-07-12","gh_e06bb7bbdf4e_2018-07-12_2650938797_qiad0nyQTB.y.tar.gz","2018-07-12 18:23:53","该内容已被发布者删除"
"床上,啃吻你这里的男人,才是真的爱你.......","処女座","2018-07-11","gh_232719586984_2018-07-11_2653034523_b5lrkAN0Of.y.tar.gz","2018-07-12 15:13:41","该内容已被发布者删除"
"中国结算深分公司惊曝21亿&amp;quot;老鼠仓&amp;quot;！员工跟踪王亚伟、孙建冬、陈锋等知名私募持仓买股票，被罚没数百万并入刑！","中国基金报","2018-07-10","gh_a4a87df43a4c_2018-07-10_2655115403_dQ1jMzfUH0.y.tar.gz","2018-07-12 11:57:55","此内容因违规无法查看"
"超强台风袭击肇庆！最强可达17级！还有更惨的是...","肇庆街坊","2018-07-11","gh_a6ca114aa118_2018-07-11_2652928367_jA6tYyfETc.y.tar.gz","2018-07-12 15:36:41","该内容已被发布者删除"
"我从小就没有大志","张鸣","2018-07-12","gh_9564a4da8f59_2018-07-12_2651360605_Z2aSFIvmxo.y.tar.gz","2018-07-12 16:11:05","此内容因违规无法查看"
"中科院教授来信：举国上下身陷功利漩涡，“核心技术”何来？创新何来！","观点","2018-07-10","gh_2ac9b41ee17c_2018-07-10_2649524184_CrAbBFYWMD.y.tar.gz","2018-07-12 15:58:30","此内容因违规无法查看"
"论贸易战，中国人攒了快三千年的经验！","瞭望智库","2018-07-12","gh_0008713c31f5_2018-07-12_2653245063_7OdEzWLwB9.y.tar.gz","2018-07-12 19:01:41","该内容已被发布者删除"
"中国人为啥跑到印度买仿制药？中国没有吗？","柏举居士","2018-07-11","gh_c1335a131ff4_2018-07-11_2247488617_SA3wsz7G0f.y.tar.gz","2018-07-12 19:24:06","该内容已被发布者删除"
"【展商风采】深圳光远智能装备股份有限公司助力2018第十届广州国际太阳能光伏展","广州太阳能光伏展","2018-07-12","gh_a9dfd1d3706e_2018-07-12_2651880784_580T1jHOfi.y.tar.gz","2018-07-12 19:11:57","该内容已被发布者删除"
"冯小刚《十问崔永元》里的逻辑谬误！","狮门论坛","2018-07-12","gh_3f9203662dc6_2018-07-12_2247484533_pSFIf4vLQn.y.tar.gz","2018-07-12 19:31:57","此内容因违规无法查看"
"揭秘《套路》烂尾后续：换陈冠希、换拍摄地、报税失误…哪个才是超期命门？","娱乐资本论","2018-07-10","gh_2eb77c1bf9be_2018-07-10_2650647316_1Ru0fi75Lv.y.tar.gz","2018-07-12 18:59:31","该内容已被发布者删除"
"曾为曼德拉和撒切尔服务的著名律师，要为中国女生维权！","地球是透明的","2018-07-09","gh_3114f78198f4_2018-07-09_2247487193_kpq8ixnlm0.y.tar.gz","2018-07-10 23:47:01","此内容因违规无法查看"
"转发：驱张鹏书（附最新名单）","占领男厕所的李麦子","2018-07-10","gh_51d052299f10_2018-07-10_2678830992_R6LiAoB1Hm.y.tar.gz","2018-07-12 16:56:55","此内容因违规无法查看"
"2018.7.11 京东摊上大事？致力于发掘妹纸之如阳光般美好；穿着麻袋也能拍出时尚大片范儿的女星","透过图片看世界","2018-07-11","gh_cd7075f41e01_2018-07-11_2449961413_WhPqIbQ8O3.y.tar.gz","2018-07-12 20:40:45","此内容因违规无法查看"
"性生活的无聊感，可能源于恋人相处中的 3 件事","心理公开课","2018-07-11","gh_a9375f4e8524_2018-07-11_2651804472_MNYdK381B2.y.tar.gz","2018-07-12 21:16:25","该内容已被发布者删除"
"中科院教授：美国随时可以关掉互联网，把中国打回“石器时代”","掌上千秋史","2018-07-11","gh_5a9e629d6f2a_2018-07-11_2660373384_PuOYKlQE2F.y.tar.gz","2018-07-12 22:27:53","此内容因违规无法查看"
"十堰最新人事任免，涉及23名干部","十堰晚报","2018-07-11","gh_cf4faa9b4fc5_2018-07-11_2653226380_p0zAkhPUrJ.y.tar.gz","2018-07-11 16:22:30","该内容已被发布者删除"
"强台风“玛莉亚”登陆！收好这份应对指南，关键时刻能救命","新台州","2018-07-11","gh_09bbcb891ad0_2018-07-11_2651571650_pW4Stf2IPy.y.tar.gz","2018-07-13 02:15:54","该公众号已迁移"
"黄岩综合客运枢纽站本月底投运！带你提前体验","新台州","2018-07-11","gh_09bbcb891ad0_2018-07-11_2651571650_N2KcL8ARYD.y.tar.gz","2018-07-13 02:12:15","该公众号已迁移"
"90后漂亮姑娘在酒店长住2个月, 房间脏到逼酒店报警! 画面辣眼","新台州","2018-07-11","gh_09bbcb891ad0_2018-07-11_2651571650_UQu8cZl5nV.y.tar.gz","2018-07-13 02:16:15","该公众号已迁移"
"台州女子去做兼职！结果一分钱没赚到24万竟没了！","新台州","2018-07-11","gh_09bbcb891ad0_2018-07-11_2651571650_xslmoZFvwR.y.tar.gz","2018-07-13 02:11:32","该公众号已迁移"
"平安jj经理强上国君女销售，男首席请他大保健然后打110","扒光金融圈","2018-07-11","gh_80596e9a239f_2018-07-11_2247483889_zd1FYSMVpl.y.tar.gz","2018-07-13 03:13:53","该内容已被发布者删除"
"中国人为啥跑到印度买仿制药？中国没有吗？","中西ABC","2018-07-10","gh_fc276be154e5_2018-07-10_2247493090_9aM1VSflD7.y.tar.gz","2018-07-13 03:27:11","此内容因违规无法查看"
"这个80岁的“老流氓”，睡过10000名美女，泡妞60年居然赚了十个亿！","摇滚客","2018-07-11","gh_bcae3e46c50c_2018-07-11_2247512737_AqthTPilF0.y.tar.gz","2018-07-13 05:03:27","该内容已被发布者删除"
"韩城周边招聘求职、出售求购、出租求租、征婚信息","韩城周边大小事","2018-07-11","gh_063bda886aec_2018-07-11_2247490038_TvolzS62t8.y.tar.gz","2018-07-13 07:13:36","该内容已被发布者删除"
"人最怕比你美比你富的人，比你还努力","葫芦岛网","2018-07-11","gh_8dd3af29215d_2018-07-11_2751367427_2nowK7Wpa0.y.tar.gz","2018-07-13 16:26:36","该内容已被发布者删除"
"北京强行清退，深圳房东赶人，始作俑者原来是同一个！","微工荟","2018-07-11","gh_3a385cef715a_2018-07-11_2247489751_kGwiZA07Rf.y.tar.gz","2018-07-13 11:12:57","此内容因违规无法查看"
"私募整体仓位降至近一年最低，百亿级私募七成亏损","中国证券报","2018-07-11","gh_cbbad4c1d33c_2018-07-11_2650735622_hzcQm7Wiv0.y.tar.gz","2018-07-13 19:49:26","该内容已被发布者删除"
"男人疼爱老婆的3个小细节，你的老公及格了吗？","処女座","2018-07-12","gh_232719586984_2018-07-12_2653034530_Le0nj3DOWl.y.tar.gz","2018-07-13 22:20:11","该内容已被发布者删除"
"封莎：互联网金融网络安全风险与防护 | PPT","中国信息通信研究院CAICT","2018-07-11","gh_ccd6562d7551_2018-07-11_2650760862_LX2C4TpnyE.y.tar.gz","2018-07-13 15:38:25","该内容已被发布者删除"
"我们都错了，特朗普发动贸易战的底气在这里","维基解迷","2018-07-12","gh_a2e05cde0069_2018-07-12_2651890879_okBiID6zKa.y.tar.gz","2018-07-13 16:21:12","该内容已被发布者删除"
"杨伟民：别人一断货，就休克了，好意思说基本实现工业化了吗？","瞭望智库","2018-07-12","gh_0008713c31f5_2018-07-12_2653245058_YuiWebyDag.y.tar.gz","2018-07-13 17:01:06","该内容已被发布者删除"
"家里进蛇为什么不能打？原来是这个意思","倾听婚姻","2018-07-12","gh_a07c756b8881_2018-07-12_2247490540_vjUTO9L2pE.y.tar.gz","2018-07-14 00:29:53","该内容已被发布者删除"
"【关注】市委书记宋宏伟来饶河县调研工作","关注饶河","2018-07-12","gh_b04d605c071c_2018-07-12_2650846765_OGQ3uVFhSE.y.tar.gz","2018-07-13 02:13:01","该内容已被发布者删除"
"【政务】时政简讯+饶河新闻（视频）","关注饶河","2018-07-12","gh_b04d605c071c_2018-07-12_2650846765_hYzV5D4UFe.y.tar.gz","2018-07-13 02:15:11","该内容已被发布者删除"
"副省长聂云凌来饶河县调研扶贫工作","关注饶河","2018-07-12","gh_b04d605c071c_2018-07-12_2650846765_ovOpeWc6g2.y.tar.gz","2018-07-13 02:15:54","该内容已被发布者删除"
"【特产】“坚果之王”——东北大榛子","关注饶河","2018-07-12","gh_b04d605c071c_2018-07-12_2650846765_asNGcAlVvY.y.tar.gz","2018-07-13 02:14:49","该内容已被发布者删除"
"【重磅】下月起，你将收到这样一条短信！","关注饶河","2018-07-12","gh_b04d605c071c_2018-07-12_2650846765_V0EfCtkYGb.y.tar.gz","2018-07-13 02:13:44","该内容已被发布者删除"
"老总访谈│密尔克卫陈银河：把全球化学品供应链都管起来","中国证券网","2018-07-12","gh_2791eb31fd41_2018-07-12_2651326377_xkDUl0vaE5.y.tar.gz","2018-07-13 03:55:23","该内容已被发布者删除"
"中东路事件与武装保卫苏联——教科书上没写的历史｜董倩","荟新知","2018-07-12","gh_89d381093071_2018-07-12_2247483861_kfKduHzLa3.y.tar.gz","2018-07-13 00:37:27","该内容已被发布者删除"
"巨浪滔天，海水倒灌！刚刚，台风已登陆！中央气象台：浙江的风雨更严重","新台州","2018-07-11","gh_09bbcb891ad0_2018-07-11_2651571650_hmdsvH31Ob.y.tar.gz","2018-07-13 02:17:20","该公众号已迁移"
"中国式破产：一场大病就被打回底层","经济学博士","2018-07-11","gh_e1a04d0a7b17_2018-07-11_2650134613_nAdgmGVbM9.y.tar.gz","2018-07-13 02:02:21","此内容因违规无法查看"
"【理论】一以贯之增强忧患意识 （深入学习贯彻习近平新时代中国特色社会主义思想）","关注饶河","2018-07-12","gh_b04d605c071c_2018-07-12_2650846765_JEWQLNxw0B.y.tar.gz","2018-07-13 02:14:06","该内容已被发布者删除"
"浙江大桶藏尸案告破!停车场无人认领红色大桶,保安好奇打开,拎出一只手!","新台州","2018-07-11","gh_09bbcb891ad0_2018-07-11_2651571650_lSNzOFW471.y.tar.gz","2018-07-13 02:11:53","该公众号已迁移"
"【通知】中国乒乓球协会会员联赛（饶河站）明日开赛！","关注饶河","2018-07-12","gh_b04d605c071c_2018-07-12_2650846765_6aM3iEszUZ.y.tar.gz","2018-07-13 02:13:23","该内容已被发布者删除"
"【文明】童画新时代  手绘价值观——社会主义核心价值观主题儿童画优秀作品展示","关注饶河","2018-07-12","gh_b04d605c071c_2018-07-12_2650846765_5FhuzCXMgj.y.tar.gz","2018-07-13 02:15:33","该内容已被发布者删除"
"深夜，陌生阿姨帮我撑伞 | 9座城的感动","真实故事计划","2018-07-12","gh_d11fd4dbf511_2018-07-12_2247490134_6ju2n4AElm.y.tar.gz","2018-07-13 02:27:12","该内容已被发布者删除"
"新京报政事儿以新榜指数834分，摘老牌榜桂冠 | 西瓜视频周榜","新榜排行榜","2018-07-12","gh_5085a8a226c5_2018-07-12_2652028813_qfi8Wy61Sx.y.tar.gz","2018-07-13 01:30:47","该内容已被发布者删除"
"这波P2P雷潮，居然还有P2P找我打广告。","九品西瓜官","2018-07-12","gh_ad962ff5d6b9_2018-07-12_2247484138_BtrRA7kmpb.y.tar.gz","2018-07-13 02:50:07","该内容已被发布者删除"
"【环球时报：西方舆论莫逼这位女士投身政治】","亚美时政学堂","2018-07-11","gh_303bb302419a_2018-07-11_2247485790_BJFDHj1ZN6.y.tar.gz","2018-07-13 04:19:53","此内容因违规无法查看"
"那个曾身陷“黄鳝门”的女主播，如今下场怎么样了...","摇滚客","2018-07-11","gh_bcae3e46c50c_2018-07-11_2247512737_gAoTVfzHKN.y.tar.gz","2018-07-13 05:05:15","此内容因违规无法查看"
"干得漂亮：办公室直接铐走拒执公职人员，看官都傻了","中西ABC","2018-07-11","gh_fc276be154e5_2018-07-11_2247493096_rIFacGSdzg.y.tar.gz","2018-07-13 02:26:01","此内容因违规无法查看"
"王宏甲：我所认识的新时代农民讲习所的意义","红色快讯","2018-07-11","gh_335ee637846a_2018-07-11_2651811153_2gyEoPsKzu.y.tar.gz","2018-07-13 11:08:36","此内容因违规无法查看"
"一份被忽略的“重磅级”文件，马云已经率先做出响应！","凤凰网财经","2018-07-11","gh_e76b6086b960_2018-07-11_2247494422_Sw0vzXP62T.y.tar.gz","2018-07-13 08:29:24","该内容已被发布者删除"
"坑！青岛夫妇全款买房，七年后竟要再掏192万？！这种房子千万别买！","青岛大众网","2018-07-11","gh_b0f015892c4a_2018-07-11_2652894587_tgXuNSx06o.y.tar.gz","2018-07-13 11:58:00","该内容已被发布者删除"
"魏薇：《信息通信行业防范打击通讯信息诈骗白皮书（2018）》解读 | PPT","中国信息通信研究院CAICT","2018-07-11","gh_ccd6562d7551_2018-07-11_2650760818_00ZGNMlJXz.y.tar.gz","2018-07-13 09:37:12","该内容已被发布者删除"
"为什么女人在婚后才对那事感兴趣？","微观时局","2018-07-11","gh_5b9799228df1_2018-07-11_2247484701_0YONP43hCn.y.tar.gz","2018-07-13 13:18:06","该内容已被发布者删除"
"原广东省财政厅厅长被查，两位副厅长已先后落马","大白新闻","2018-07-11","gh_12bf5a038a30_2018-07-11_2247492610_vZwLEFqrua.y.tar.gz","2018-07-13 14:17:41","该内容已被发布者删除"
"成都大暴雨，场面都像灾难片了，也挡不住那么多幽默段子！","春草微视","2018-07-11","gh_85ceeb96c96a_2018-07-11_2247487205_q07LJ9tMxc.y.tar.gz","2018-07-13 15:29:39","该内容已被发布者删除"
"李承鹏：投名状","文馆","2018-07-12","gh_17d1ae146cc2_2018-07-12_2666253074_atIgsMyrz6.y.tar.gz","2018-07-13 15:20:59","此内容因违规无法查看"
"【执纪】保护绿水青山不力，云南这17个单位和60名责任人被问责","云岭先锋","2018-07-13","gh_3022905ecdd6_2018-07-13_2650854625_Sh8ikPCARK.y.tar.gz","2018-07-13 14:11:58","该内容已被发布者删除"
"除了吻你,会做这件事的男人才是真的爱你!","処女座","2018-07-12","gh_232719586984_2018-07-12_2653034530_Z9nlRHL8iQ.y.tar.gz","2018-07-13 15:24:51","该内容已被发布者删除"
"健康滨海（第3期）丨一张“胆固醇含量表”，照着吃不给心血管添堵","滨海网信","2018-07-13","gh_9743c13a7c35_2018-07-13_2247485432_jm2wPDxTfW.y.tar.gz","2018-07-13 22:22:35","该内容已被发布者删除"
"她不是一个人在战斗！","现代资本主义研究","2018-07-12","gh_c2770b636365_2018-07-12_2649465029_NMr7390EtG.y.tar.gz","2018-07-14 00:29:09","此内容因违规无法查看"
"如何做出无悔的人生选择？","木田无花","2018-07-13","gh_64df6fa3355e_2018-07-13_2652979430_5TBNj3owHX.y.tar.gz","2018-07-13 23:31:12","此内容因违规无法查看"
"经常做什么会让一个人气质变猥琐？","白日做梦","2018-07-13","gh_867e9e706024_2018-07-13_2649456186_l0xHP3gWAj.y.tar.gz","2018-07-16 09:04:34","该内容已被发布者删除"
"25岁。第一次用卫生棉条。","白日做梦","2018-07-13","gh_867e9e706024_2018-07-13_2649456186_eMEyGzSfLl.y.tar.gz","2018-07-16 09:05:17","该内容已被发布者删除"
"世界杯期间体彩店的众生相","新京报","2018-07-15","gh_16cc427c8e02_2018-07-15_2247503771_Cvels6h3Qy.y.tar.gz","2018-07-16 14:42:16","该内容已被发布者删除"
"千亿央企新任董事长，25岁就在海外担重任","长安街知事","2018-07-14","gh_4226ad5d721f_2018-07-14_2651173520_x9gDUH6LkW.y.tar.gz","2018-07-16 16:12:37","该内容已被发布者删除"
"🔴✶ 普 京 警 告 中 囯❌令 所 有 中 国人惊 颤 不 以！！","百姓生计","2018-07-15","gh_ec9122b5999a_2018-07-15_2247485875_f9OoAhmxyp.y.tar.gz","2018-07-15 10:05:03","此内容因违规无法查看"
"公众号博主猝然离世：别熬夜了，真的会死","言情说","2018-07-15","gh_f5fdadaa1c46_2018-07-15_2658177715_6xzrkG8vtE.y.tar.gz","2018-07-16 18:31:57","该内容已被发布者删除"
"共和国十大开国元帅的不同葬礼","非常历史","2018-07-15","gh_262667b1b5ca_2018-07-15_2650101361_0ADzrZuR96.y.tar.gz","2018-07-15 18:24:02","此内容因违规无法查看"
"台州一渣男婚内出轨，还和兄弟互推技术好的小姐","新台州","2018-07-15","gh_c0264c31664d_2018-07-15_2247491660_UADOd7le2W.y.tar.gz","2018-07-15 19:20:26","该内容已被发布者删除"
"当代驾成为“代价”，你还会这么做吗？","邯郸交警微发布","2018-07-15","gh_7e997cc66c5b_2018-07-15_2655953274_G6AqOo4b8s.y.tar.gz","2018-07-15 20:15:08","该内容已被发布者删除"
"解读「互联网女皇」的《互联网趋势报告》","小道消息","2018-07-15","gh_70949f33590e_2018-07-15_2650971178_JZpnNi6Q2a.y.tar.gz","2018-07-15 18:22:14","该内容已被发布者删除"
"谁将这位副局长的微信群聊天记录发上网的？","瞭望智库","2018-07-15","gh_0008713c31f5_2018-07-15_2653245210_ZWmUrJ0i7d.y.tar.gz","2018-07-15 23:59:46","该内容已被发布者删除"
"礼拜才是真正的存款！！！","伊兰心灵课堂","2018-07-15","gh_af697f2a867c_2018-07-15_2247485473_kSINOTo83q.y.tar.gz","2018-07-17 00:08:35","此内容因违规无法查看"
"性生活为什么要关灯?","蓝莓公子","2018-07-15","gh_40fae585b5ea_2018-07-15_2247491062_c0xzS5ZMJ3.y.tar.gz","2018-07-17 04:57:23","该内容已被发布者删除"
"关公普迹马失蹄  文市影城墙脱皮","新湘江评论","2018-07-16","gh_3b6e882de9d2_2018-07-16_2247488770_Og2xqIh4Yt.y.tar.gz","2018-07-17 05:46:24","该内容已被发布者删除"
"沪深交易所重磅通知，港交所深夜回应！内地投资者暂时无法买小米？","中国证券报","2018-07-15","gh_cbbad4c1d33c_2018-07-15_2650735743_9hK2pTIoqr.y.tar.gz","2018-07-16 00:24:30","该内容已被发布者删除"
"男朋友在朋友圈晒别的女生照片，我不高兴还说我作。","白日做梦","2018-07-13","gh_867e9e706024_2018-07-13_2649456186_il5SRaeW6V.y.tar.gz","2018-07-16 09:04:12","该内容已被发布者删除"
"什么时候表白最容易成功？","白日做梦","2018-07-13","gh_867e9e706024_2018-07-13_2649456186_RUsBNSQPG7.y.tar.gz","2018-07-16 09:04:56","该内容已被发布者删除"
"新 MacBook Pro 跑分惊人 / 法国夺冠世界杯 / 滴滴代驾司机性侵女职员被批捕","爱范儿","2018-07-16","aifaner383402_2018-07-16_2651862366_xYo0CdbuRB.y.tar.gz","2018-07-17 19:30:04","该内容已被发布者删除"
"车损严重接近报废！价值12.9万的轿车被倒塌的老房子砸中，不知道找谁赔偿？哈尔滨市道外区政府召开协调会！","新闻夜航","2018-07-15","gh_08fe2dff05d8_2018-07-15_2651861397_XWf6SVjNLy.y.tar.gz","2018-07-16 11:42:53","该内容已被发布者删除"
"北方青杨：《河岸上的少年》（8）","北方青杨","2018-07-16","gh_a515ab04b947_2018-07-16_2247487138_L27y0DAJSq.y.tar.gz","2018-07-16 14:08:04","该内容已被发布者删除"
"首发 ▏ＦＤＡ警告信对中药广告的警示  文/ 李永明博士。 纽约中医论坛","知识分子","2018-07-16","gh_d21f67d094a5_2018-07-16_2655425000_PQo6ihZFc9.y.tar.gz","2018-07-16 11:17:10","该内容已被发布者删除"
"谨防“依法治国”滑向“人治”的危崖｜游锴","荟思想4","2018-07-15","gh_f10131323704_2018-07-15_2247484300_1CX6vfJ8xk.y.tar.gz","2018-07-16 16:49:14","此内容因违规无法查看"
"用科技创新为食品安全赋能 便利蜂严把食品安全消费“关口”","文汇报","2018-07-16","gh_dc157713ecf2_2018-07-16_2651788986_X6fAxBrmSK.y.tar.gz","2018-07-16 16:44:03","该内容已被发布者删除"
"如果你看不完所有的公众号，但至少要看完这几个","三上文存","2018-07-15","gh_46052ab4e941_2018-07-15_2247494928_IM7aCNSgh5.y.tar.gz","2018-07-16 17:17:34","该内容已被发布者删除"
"投资就是赌国运，你要怎么“赌赢”？","凤凰网财经","2018-07-16","gh_e76b6086b960_2018-07-16_2247494564_9Uqypf8Y24.y.tar.gz","2018-07-17 22:53:18","该内容已被发布者删除"
"十问特朗普：为何忽视中国知识产权保护？【第三只眼看中国 】","百万庄通讯社","2018-07-16","gh_a9b439883e77_2018-07-16_2649760996_4DFur9n2Ct.y.tar.gz","2018-07-16 18:13:08","该内容已被发布者删除"
"独家│央企二级账号新媒体指数（2018年6月）","国资小新","2018-07-15","gh_162762a657a6_2018-07-15_2652473365_jBYXzy60Q0.y.tar.gz","2018-07-16 19:29:57","该内容已被发布者删除"
"3生肖女惹不起，天生凤凰命，十有八九变富婆，晚年多金又长寿！","倾听婚姻","2018-07-15","gh_a07c756b8881_2018-07-15_2247490587_zohNWGkawv.y.tar.gz","2018-07-16 18:33:39","该内容已被发布者删除"
"800亿外资加持，淡马锡眼中的“中国经济引擎”，年内最佳布局点已现！","凤凰网财经","2018-07-15","gh_e76b6086b960_2018-07-15_2247494534_0Opak593Ej.y.tar.gz","2018-07-16 20:28:54","该内容已被发布者删除"
"文明礼让我先行！一份来自义乌小学生的调查报告…","义乌教育之声","2018-07-16","gh_2a47190f8518_2018-07-16_2652301461_K0HzoMFj59.y.tar.gz","2018-07-16 21:14:20","该内容已被发布者删除"
"我天！法国队为什么这么多黑人？","瞭望智库","2018-07-15","gh_0008713c31f5_2018-07-15_2653245210_5HqNiVbYnt.y.tar.gz","2018-07-16 00:00:08","该内容已被发布者删除"
"热烈祝贺第三次广州国际麻醉科管理高峰论坛暨2018广东省医院协会医院麻醉科管理专业成功！委员会学术年会圆满成功！","广东医院协会麻醉管理论坛","2018-07-16","gh_a2d848805807_2018-07-16_2651701173_pO0dBgvj2a.y.tar.gz","2018-07-16 22:33:58","该内容已被发布者删除"
"脱发、发际线高、地中海的克星！用它，1个月头发不掉了，不痒了，半年变浓密","世界华人周刊","2018-07-15","gh_83285d35e910_2018-07-15_2676946029_hQJ4o29gKl.y.tar.gz","2018-07-16 23:55:16","该内容已被发布者删除"
"台湾女教授深入讲解男女关系，太精彩了！不浪费一秒钟从头笑到尾","世纪观察","2018-07-16","gh_dbbc6bcb39cd_2018-07-16_2651755877_tfuz3A1KMP.y.tar.gz","2018-07-17 00:30:09","此内容因违规无法查看"
"这项欧盟新规影响广泛，跨境卖家需要了解一下！","PingPong订阅号","2018-07-16","gh_b9a27e1f2f07_2018-07-16_2247486653_yENlKi93fa.y.tar.gz","2018-07-17 01:55:24","该内容已被发布者删除"
"经验分享 | 管经小姐姐闯春招：入职北京美团的求职攻略","终端研发部","2018-07-15","gh_e30e87572e90_2018-07-15_2247486026_BKkiLXW7hC.y.tar.gz","2018-07-16 01:28:51","该内容已被发布者删除"
"七夕情诗征集︳这一次，可以把你的湿作印在杜杜上！","他趣情趣体验社","2018-07-16","gh_2fe4ed5aecf1_2018-07-16_2247495490_Z9d6q2I0XQ.y.tar.gz","2018-07-17 02:36:26","该内容已被发布者删除"
"老板是我最好的朋友，我却被公司开除了","职场木沐说","2018-07-15","gh_796c63335994_2018-07-15_2247486961_5Cxv4S3YeB.y.tar.gz","2018-07-15 18:09:01","该内容已被发布者删除"
"被迫签协议了，还能成功维权吗？ 典型案例告诉你，能！","京平拆迁律师","2018-07-15","gh_a56ab7cd492d_2018-07-15_2651579372_F87TC5n6AU.y.tar.gz","2018-07-17 02:53:35","该内容已被发布者删除"
"本周活动预告丨书犹药也，善读之可以解暑。","知无知","2018-07-16","gh_f28f1051f7ac_2018-07-16_2651625983_m5YuWUJ2R6.y.tar.gz","2018-07-17 05:42:23","该内容已被发布者删除"
"业主怒了！梅城恒大御景半岛叠院这样的精装房，能住吗？","梅州日报民生一线","2018-07-15","gh_e85c24829900_2018-07-15_2651332464_HWq4kva0dX.y.tar.gz","2018-07-17 04:54:21","该内容已被发布者删除"
"你真的是妈妈从垃圾桶里捡来的！！","冷兔","2018-07-15","lengtootoo_2018-07-15_2652536818_lH6mTOjM1B.y.tar.gz","2018-07-17 04:45:30","该内容已被发布者删除"
"期刊|《中国应用法学》2018年第4期","法学学术前沿","2018-07-17","gh_78fa5de4947d_2018-07-17_2653166081_71cjmSB4N5.y.tar.gz","2018-07-17 11:56:29","该内容已被发布者删除"
"中新办今日举行第15届东博会等新闻发布会","广西新闻频道","2018-07-17","gh_002f84048bd4_2018-07-17_2652216285_rWMHSdtghO.y.tar.gz","2018-07-17 15:57:12","该内容已被发布者删除"
"装“神”弄“鬼”糊弄谁？！——评《药神》的火爆与冯鬼的猖狂","昆仑策研究院","2018-07-17","gh_46a6fab64569_2018-07-17_2652193548_47o3EZunkA.y.tar.gz","2018-07-17 08:31:54","该内容已被发布者删除"
"董事长意外身亡后，海航集团高层密集调整","澎湃新闻","2018-07-17","gh_d29e0d22a6f9_2018-07-17_2651484298_hAT09xEjVu.y.tar.gz","2018-07-17 20:01:43","该内容已被发布者删除"
"脱欧扑朔迷离？创史上最大跌幅的伦敦房产是危还是机？","米宅海外","2018-07-16","gh_c0f86219e242_2018-07-16_2247505266_kiUFPTClZe.y.tar.gz","2018-07-17 20:51:29","该内容已被发布者删除"
"李宏良律师李宏良律师在北京参加中国政法大学刑事辩护研究中心举办的第三期刑事辩护高级研修班","陕西泽诚律师事务所","2018-07-17","gh_cfe16bad7969_2018-07-17_2649399511_MKH2eSrQCJ.y.tar.gz","2018-07-17 22:36:17","该内容已被发布者删除"
"҈北҈京҈大҈暴҈雨҈！҈丨我在西二旗公交站，等一艘船来接我","新京报","2018-07-16","gh_16cc427c8e02_2018-07-16_2247503817_euQIg8LJ6f.y.tar.gz","2018-07-16 17:48:16","该内容已被发布者删除"
"中下层确实没钱了，消费枯竭？","经济学博士","2018-07-12","gh_e1a04d0a7b17_2018-07-12_2650134620_n54MxBV7Af.y.tar.gz","2018-07-14 01:40:46","此内容因违规无法查看"
"冯导又把“青春”拿出来乱献了","牛山野夫读史记","2018-07-12","gh_a2c7ee2ac820_2018-07-12_2649207247_wQbeshXLn2.y.tar.gz","2018-07-14 03:43:40","该内容已被发布者删除"
"油腻男追求当红女明星，还成功了？","摇滚客","2018-07-12","gh_bcae3e46c50c_2018-07-12_2247512795_GqivV230Le.y.tar.gz","2018-07-14 05:43:14","该内容已被发布者删除"
"迟斌：李志他不喜欢假","ZAKER","2018-07-12","gh_e3e018a7e41b_2018-07-12_2649515277_96oFu7TxeV.y.tar.gz","2018-07-14 07:18:26","该内容已被发布者删除"
"大暴涨！科技股集体涨停，如何抓住未来风口？","凤凰网财经","2018-07-12","gh_e76b6086b960_2018-07-12_2247494458_kc6iGdJgfs.y.tar.gz","2018-07-14 09:50:46","该内容已被发布者删除"
"冯小刚《十问崔永元》里的逻辑谬误","郭一平说真话","2018-07-12","gh_799459543f35_2018-07-12_2650652306_9IEdtCoHsA.y.tar.gz","2018-07-14 11:02:57","该内容已被发布者删除"
"瓦伦西亚仓库藏匿10万件赝品  一华人被捕","西班牙欧华报","2018-07-12","gh_c5b97886c82d_2018-07-12_2651135920_ZL5rINWaBS.y.tar.gz","2018-07-14 11:38:37","该内容已被发布者删除"
"抗癌药品为何价格过高？国家卫健委回应","中国新闻网","2018-07-12","gh_80330ed4178a_2018-07-12_2651603383_9jtRx0U4Zg.y.tar.gz","2018-07-14 17:24:05","该内容已被发布者删除"
"86万，我用美国姑娘的身体生了个小孩丨真实故事","杜绍斐","2018-07-12","gh_333338108f99_2018-07-12_2723065484_EIVASygTYm.y.tar.gz","2018-07-14 15:42:57","此内容因违规无法查看"
"副省长聂云凌来饶河县调研扶贫工作","关注饶河","2018-07-13","gh_b04d605c071c_2018-07-13_2650846778_ULY9M8OWhw.y.tar.gz","2018-07-14 18:19:36","该内容已被发布者删除"
"男人太快和你发生关系，说明了什么？","処女座","2018-07-13","gh_232719586984_2018-07-13_2653034540_60YkNM2huK.y.tar.gz","2018-07-14 18:22:51","该内容已被发布者删除"
"做女人要知道，真正爱你的男人是怎样睡你的！","処女座","2018-07-13","gh_232719586984_2018-07-13_2653034540_lz7xp2GFYZ.y.tar.gz","2018-07-14 18:23:56","该内容已被发布者删除"
"“厉害了我的国”何以被“卡了我的脖”？","丹顶鹤","2018-07-13","gh_1e81751dd25e_2018-07-13_2651527124_OohdGFKcQ3.y.tar.gz","2018-07-14 18:23:13","此内容因违规无法查看"
"大数据技术与应用解读及案例分析（PPT）","人工智能学家","2018-07-12","gh_3ed4b779ca77_2018-07-12_2649850067_n8bGtqQILK.y.tar.gz","2018-07-14 15:59:40","此内容因违规无法查看"
"天津官场圈子：从科处到省部，都在努力找靠山","中国新闻周刊","2018-07-13","gh_a7bbb71d655c_2018-07-13_2651217160_vAE1odVeLk.y.tar.gz","2018-07-14 22:23:00","该内容已被发布者删除"
"我就是看不起这样的外国领导人！","军备圈","2018-07-13","gh_2b2e9f03559d_2018-07-13_2654291493_GgOxtpoJc5.y.tar.gz","2018-07-14 22:35:29","此内容因违规无法查看"
"刚刚，7000亿短期理财基金打响整改第一枪！这家基金率先宣布！","中国基金报","2018-07-13","gh_a4a87df43a4c_2018-07-13_2655115656_QrZGRDS5L1.y.tar.gz","2018-07-14 23:09:38","此内容因违规无法查看"
"为什么中国这么多足疗店？","浪潮工作室","2018-07-13","gh_7468e8b9bcad_2018-07-13_2247493651_G4dlDQz1rb.y.tar.gz","2018-07-15 00:28:16","该内容已被发布者删除"
"特种兵七年后退伍回乡，却被妹妹赶出家门","阿SIR","2018-07-12","gh_0af747913cab_2018-07-12_2655597677_ojQPsDmHap.y.tar.gz","2018-07-15 01:58:03","该内容已被发布者删除"
"记忆丨&amp;quot;文革&amp;quot;后退隐的党内老人渐行渐远","新三届","2018-07-13","gh_4c1810cb0fcf_2018-07-13_2247500729_TSUDOLNZAa.y.tar.gz","2018-07-15 12:01:50","此内容因违规无法查看"
"睡了我十年,却还是没能让你爱上我","処女座","2018-07-14","gh_232719586984_2018-07-14_2653034548_U7uSX654hg.y.tar.gz","2018-07-15 17:53:47","该内容已被发布者删除"
"同样经历失败，你和牛人的差别到底在哪里？","海豚学社","2018-07-12","gh_3c3083a27d8e_2018-07-12_2247486374_8ia0AM3xot.y.tar.gz","2018-07-14 02:58:51","该内容已被发布者删除"
"“为民请命”是病，“替天行道”是魔","肖仲华开讲","2018-07-12","gh_b0c6552453ce_2018-07-12_2667121924_YiERxMluUr.y.tar.gz","2018-07-14 03:47:17","此内容因违规无法查看"
"在东海岛没买房、没炒股的恭喜了!看到的人都急疯了!","东海岛小城大事","2018-07-12","gh_a5b1472d267b_2018-07-12_2247487564_zmrvlQ2JUC.y.tar.gz","2018-07-14 06:50:10","此内容因违规无法查看"
"地藏王菩萨：九千万人的党组织若走投降路线会被屠杀殆尽","昆仑策研究院","2018-07-14","gh_46a6fab64569_2018-07-14_2652193520_xFQiZt9u8W.y.tar.gz","2018-07-15 15:49:02","此内容因违规无法查看"
"得癌症是自找的？高僧揭密癌症最怕什么，知道后会救命！","南师国学堂","2018-07-14","gh_45de294b7642_2018-07-14_2650405204_JkH0KRyXSr.y.tar.gz","2018-07-15 22:17:02","该内容已被发布者删除"
"华春莹回应美方发动贸易战 ：这是单边主义与多边主义、保护主义与自由贸易、强权与规则之战","维基解迷","2018-07-12","gh_a2e05cde0069_2018-07-12_2651890879_g05ibXKarW.y.tar.gz","2018-07-14 08:06:03","该内容已被发布者删除"
"南京玄武区区委办主任醉驾被查！官方：已对其停职","人民网江苏频道","2018-07-12","gh_6bf0375ffd3e_2018-07-12_2651544464_ImaCwvhjKO.y.tar.gz","2018-07-14 05:16:39","该内容已被发布者删除"
"银行哭晕了，一招教你多赚23倍活期高收益","读史","2018-07-14","gh_8263367a8fcb_2018-07-14_2650484207_UaSnR4wZKz.y.tar.gz","2018-07-15 23:49:34","该内容已被发布者删除"
"中下层确实没钱了，消费枯竭！？","智谷趋势","2018-07-14","gh_088decdf1338_2018-07-14_2649940908_TjYlWfCJFO.y.tar.gz","2018-07-16 05:06:39","此内容因违规无法查看"
"北京大学社会研究中心博士后招聘","知识分子","2018-07-14","gh_d21f67d094a5_2018-07-14_2655424936_ESD8zbO0da.y.tar.gz","2018-07-14 13:14:31","该内容已被发布者删除"
"内蒙古天降巨物震动中科院，中国至少进步20年，美军：骗了全世界","军武榜","2018-07-12","gh_71dba46e5200_2018-07-12_2247486281_QUjLtN54Mx.y.tar.gz","2018-07-14 14:28:54","该内容已被发布者删除"
"戴旭：全面梳理和透析美国半个多世纪的文化侵略史（上）","红色快讯","2018-07-12","gh_335ee637846a_2018-07-12_2651811163_uQDFwBb6Ac.y.tar.gz","2018-07-14 09:58:11","此内容因违规无法查看"
"阻止人口雪崩的时间，已经不多了｜李跃","荟思想4","2018-07-14","gh_f10131323704_2018-07-14_2247484292_4m75u0hidV.y.tar.gz","2018-07-14 17:21:17","此内容因违规无法查看"
"兰德公司：中国人面临的问题","荟思想4","2018-07-14","gh_f10131323704_2018-07-14_2247484292_UBMWjtpaxu.y.tar.gz","2018-07-16 01:19:25","该内容已被发布者删除"
"大快人心！90后黑老大被判死刑！江西打黑除恶不手软...","大江网","2018-07-12","gh_85d6229687a6_2018-07-12_2650622498_NzOxwCJ0mh.y.tar.gz","2018-07-14 09:11:31","该内容已被发布者删除"
"《Nature》登新考古发现：古人类在21万年前就从非洲来到中国","DeepTech深科技","2018-07-14","gh_27c43c799b0c_2018-07-14_2649550275_ZacE2kXBW5.y.tar.gz","2018-07-14 14:33:46","该内容已被发布者删除"
"林彪专机服务队长访谈","水煮历史","2018-07-14","gh_b8e851bb117a_2018-07-14_2651702478_vufHz30j1a.y.tar.gz","2018-07-14 20:03:46","此内容因违规无法查看"
"初心丨梁湘：不该遗忘的深圳开荒牛","新三届","2018-07-14","gh_4c1810cb0fcf_2018-07-14_2247500796_ZazshJeyN9.y.tar.gz","2018-07-16 03:08:02","此内容因违规无法查看"
"【聚焦】中下层确实没钱了，消费枯竭！？","公大资讯","2018-07-13","gh_1fe7c8e2027b_2018-07-13_2652987388_7jpZfc0ynQ.y.tar.gz","2018-07-14 19:12:14","此内容因违规无法查看"
"学习小组要去非洲参加一个大活动","学习小组","2018-07-14","gh_0995175cf133_2018-07-14_2653022548_9rq1Tjx052.y.tar.gz","2018-07-16 08:41:40","该内容已被发布者删除"
"新源县召开警示教育通报大会","新源零距离","2018-07-14","gh_584aabfd3a4d_2018-07-14_2649538112_bswM6egHnL.y.tar.gz","2018-07-15 02:30:01","该内容已被发布者删除"
"知无知大讲堂丨 中国音乐中的腔调韵味","知无知","2018-07-14","gh_f28f1051f7ac_2018-07-14_2651625972_ZKjVtAuiLO.y.tar.gz","2018-07-14 20:42:15","该内容已被发布者删除"
"这个80后仅用3年，身价飙升至1000亿，只有马云和刘强东才配成为他的对手！而他的成功，真的你也可以复制！","海豚学社","2018-07-14","gh_3c3083a27d8e_2018-07-14_2247486388_VOWnBX5ho6.y.tar.gz","2018-07-14 19:14:40","该内容已被发布者删除"
"丁东︱两部地方文革史","黑夜中奔跑","2018-07-13","gh_5ac40f245195_2018-07-13_2247484838_YEvtLCuDyT.y.tar.gz","2018-07-15 02:19:16","此内容因违规无法查看"
"“辟谣”一年后，火书记又落马了，这次是真的","政知圈","2018-07-13","gh_981edbe27236_2018-07-13_2655932516_NDIaKSFBZx.y.tar.gz","2018-07-15 01:48:59","该内容已被发布者删除"
"徐亚民在县干部大会上要求 知耻后勇 奋起直追 以优良作风实现社会稳定和长治久安总目标","新源零距离","2018-07-14","gh_584aabfd3a4d_2018-07-14_2649538112_BjoTD3RPue.y.tar.gz","2018-07-15 02:29:39","该内容已被发布者删除"
"嘉兴女子发帖致前夫暧昧对象：结婚11年妻离子散，如果你能看到希望...","嘉兴第九区","2018-07-13","gh_6d397d8a037d_2018-07-13_2650734804_xXmBKjC5kn.y.tar.gz","2018-07-15 04:57:23","该内容已被发布者删除"
"别再乱喝蜂蜜了，长期喝蜂蜜后身体发生了这样的变化，后悔知道晚了！","东海岛小城大事","2018-07-13","gh_a5b1472d267b_2018-07-13_2247487568_0Fqblt7hUN.y.tar.gz","2018-07-15 04:11:04","该内容已被发布者删除"
"县市区头条|不忘初心使命 凝心聚力攻坚！宁都加强基层党建工作促发展","赣南日报","2018-07-13","gh_0cfd33f7cbee_2018-07-13_2650995622_Y8SyTw0kte.y.tar.gz","2018-07-15 03:54:33","该内容已被发布者删除"
"我拿起锤子，向那个男人砸去...","橙雨伞","2018-07-13","gh_dccf8c2da17e_2018-07-13_2247489622_Ipyq29ovgG.y.tar.gz","2018-07-15 07:26:21","该内容已被发布者删除"
"郝颖：放弃百万年薪，再次从零开始。看完98%的人选择投奔！","葫芦岛网","2018-07-13","gh_8dd3af29215d_2018-07-13_2751367471_V4NWFcZGgO.y.tar.gz","2018-07-15 07:52:33","该内容已被发布者删除"
"中国亟待攻克的“卡脖子”技术都有哪些？","凤凰网财经","2018-07-13","gh_e76b6086b960_2018-07-13_2247494497_91MqpO0KE8.y.tar.gz","2018-07-15 07:34:39","该内容已被发布者删除"
"攀附周永康的“河北政法王”判了！他自首后揭发他人重大犯罪问题","凤凰网","2018-07-12","gh_08885da058c6_2018-07-12_2247496341_SRLPnkJd12.y.tar.gz","2018-07-15 11:26:14","此内容因违规无法查看"
"日本找了个新靠山！态度嚣张堪比美国，将成为中国又一心腹大患","复兴军事","2018-07-13","gh_fd6fc0d7c615_2018-07-13_2650976669_D0HzpiebB1.y.tar.gz","2018-07-15 09:00:21","此内容因违规无法查看"
"伊朗局势严峻！中俄英法德突然发声，美国禁令彻底作废！","米尔军事网","2018-07-13","gh_e06f5843f7ac_2018-07-13_2652003835_xEqsu0c0j8.y.tar.gz","2018-07-15 11:34:57","此内容被投诉且经审核涉嫌侵权，无法查看。"
"韩城周边招聘求职、出售求购、出租求租、征婚信息","韩城周边大小事","2018-07-12","gh_063bda886aec_2018-07-12_2247490051_Suj6Eo4KO2.y.tar.gz","2018-07-14 06:45:56","该内容已被发布者删除"
"崔永元大胜！中国几千家影视公司面临倒闭！资本正在火速逃跑...","微观时局","2018-07-13","gh_5b9799228df1_2018-07-13_2247484712_rD9czBOkxZ.y.tar.gz","2018-07-15 09:48:30","此内容因违规无法查看"
"韩城周边招聘求职、出售求购、出租求租、征婚信息","韩城周边大小事","2018-07-13","gh_063bda886aec_2018-07-13_2247490063_qriJ8IFAev.y.tar.gz","2018-07-15 14:59:59","该内容已被发布者删除"
"张维迎：这是一次十分斗胆的演讲","经济文摘2","2018-07-13","gh_cdf3f67832a5_2018-07-13_2247489408_efwvpVDOyb.y.tar.gz","2018-07-15 16:27:21","此内容因违规无法查看"
"女生这三个地方越小，男生越容易动心！","処女座","2018-07-14","gh_232719586984_2018-07-14_2653034548_RhBpZl2tFO.y.tar.gz","2018-07-15 17:52:41","该内容已被发布者删除"
"正安8岁小孩溺水身亡！生命只有一次，警钟再次敲响！","正安001","2018-07-13","gh_7d6ca19572fe_2018-07-13_2651448458_Ta15WUsbfv.y.tar.gz","2018-07-14 01:40:17","该内容已被发布者删除"
"童年阴影计春华老师：本可靠脸当反派，偏还那么有演技","张佳玮写字的地方","2018-07-13","gh_714bb0244b91_2018-07-13_2650381345_jmbYtPDxIp.y.tar.gz","2018-07-15 17:55:15","该内容已被发布者删除"
"韩城周边招聘求职、出售求购、出租求租、征婚信息","韩城周边大小事","2018-07-14","gh_063bda886aec_2018-07-14_2247490082_fB6uhVxW4X.y.tar.gz","2018-07-16 02:39:24","该内容已被发布者删除"
"体彩店里的世界杯","拍者","2018-07-14","gh_98328ea65b5a_2018-07-14_2649765202_UI61GKNjqv.y.tar.gz","2018-07-16 04:37:05","该内容已被发布者删除"
"50年前的7月丨于小康：妈妈孙历生是谁害死的？","新三届","2018-07-14","gh_4c1810cb0fcf_2018-07-14_2247500796_10yUMr85kq.y.tar.gz","2018-07-16 03:06:34","此内容因违规无法查看"
"素质教育|遵义市第五届青少年模型锦标赛暨2018年贵州省青少年模型锦标赛（遵义赛区）隆重开幕","遵义教育","2018-07-14","gh_5a3d33624a4e_2018-07-14_2650149753_AHsYEz2ixe.y.tar.gz","2018-07-16 04:11:44","该内容已被发布者删除"
"资讯早知道|2018年青海朝觐团驻地宾馆—埃拉夫麦加饭店","爱伊生活","2018-07-14","gh_d72fc39552ed_2018-07-14_2656370259_91P6e0zqLy.y.tar.gz","2018-07-16 03:40:30","该内容已被发布者删除"
"小伙逃学遭后妈怒打，16年后董事长开豪车回来，结果...","微观时局","2018-07-14","gh_5b9799228df1_2018-07-14_2247484714_tzCHVkrdw8.y.tar.gz","2018-07-16 08:15:33","此内容因违规无法查看"
"此国因10亿美元和中国闹翻，遇到麻烦求助联合国，被中国一票否决","军武榜","2018-07-13","gh_71dba46e5200_2018-07-13_2247486296_pWSwcTX9fG.y.tar.gz","2018-07-16 11:15:14","该内容已被发布者删除"
"美国振臂一呼：“封杀”伊朗！多国表态：我不听你的","环球交叉点","2018-07-14","gh_091efeb00572_2018-07-14_2651341603_sQuJWzMq0j.y.tar.gz","2018-07-14 22:52:37","该内容已被发布者删除"
"韩城周边招聘求职、出售求购、出租求租、征婚信息","韩城周边大小事","2018-07-16","gh_063bda886aec_2018-07-16_2247490111_weqPxuf3A2.y.tar.gz","2018-07-17 23:25:40","该内容已被发布者删除"
"急诊不急？唐山某医院儿科急诊一工作人员上班时间做手膜 ?","韩城周边大小事","2018-07-16","gh_063bda886aec_2018-07-16_2247490111_QrzCul4U60.y.tar.gz","2018-07-17 23:28:28","该内容已被发布者删除"
"2020，经济形势的分水岭…","正和岛","2018-09-26","gh_85623621a9c6_2018-09-26_2651117576_394ogbWuJw.y.tar.gz","2018-09-28 17:01:23","此内容因违规无法查看"
"真正的土蜂蜜原来长这样! 实拍农村养蜂人采蜜","浙江我老家","2018-09-27","gh_ace214d6b9c4_2018-09-27_2449732583_NdHGUKL435.y.tar.gz","2018-09-29 21:53:43","该内容已被发布者删除"
"张小平被航天六院告上了法庭，应该如何对待我们的技术骨干？丨梁子笔记","梁子笔记","2018-09-27","gh_3d85a4238521_2018-09-27_2655615290_f6H7Gqzo8D.y.tar.gz","2018-09-27 22:27:21","此内容因违规无法查看"
"庆祝祖国69岁生日  中国驻西使馆举行国庆招待会","西班牙欧华报","2018-09-27","gh_c5b97886c82d_2018-09-27_2651138279_8kxiAXJu7B.y.tar.gz","2018-09-28 12:49:54","该内容已被发布者删除"
"黄金周楼盘开始大促销，你那里的房子降价了吗？","第一财经网","2018-09-27","gh_f6fbe25b070c_2018-09-27_2654033815_w0VHSDN4qh.y.tar.gz","2018-09-30 05:52:16","该公众号已迁移"
"头条 | 杨锦麟：只要不走回头路，中国的前途是光明的","南友圈","2018-09-27","gh_e9d8874a84a9_2018-09-27_2247485793_c7uIoSpAUO.y.tar.gz","2018-09-28 15:30:59","此内容因违规无法查看"
"高通将苹果告上公堂称其偷秘方！今天，苹果回应了","第一财经网","2018-09-27","gh_f6fbe25b070c_2018-09-27_2654033815_GmKqXo8OCe.y.tar.gz","2018-09-30 05:52:38","该公众号已迁移"
"持股还是持币？十一长假这样理财最合适","第一财经网","2018-09-27","gh_f6fbe25b070c_2018-09-27_2654033815_zMrpHPR7by.y.tar.gz","2018-09-30 05:53:00","该公众号已迁移"
"大转折！拯救刘强东，妻子终于发声！","时局报","2018-09-26","gh_42092c4a3925_2018-09-26_2247485419_L7oUwuGqeN.y.tar.gz","2018-09-29 21:57:27","该内容已被发布者删除"
"41名摊主被抓!买这种馒头千万注意!","依然猛料","2018-09-28","gh_ef340e2f66e5_2018-09-28_2247485107_dAMqCXl6RF.y.tar.gz","2018-09-30 09:17:59","该内容已被发布者删除"
"鹿.茸.吃法有讲究，鹿.茸.的功效、吃法、禁忌你都了解吗？","狼眼资讯","2018-09-28","gh_d1af24e5e82f_2018-09-28_2654272442_aLE7fPt0BW.y.tar.gz","2018-09-29 23:09:44","该内容已被发布者删除"
"国际港务区还是太“实在”啊！","粉巷财经","2018-09-27","gh_60089d275fcf_2018-09-27_2247487680_iRk5InEDC2.y.tar.gz","2018-09-28 05:35:19","该内容已被发布者删除"
"住在父母家的马路对面，却不知父母已离世很多天","学习语录","2018-09-28","gh_e943cc9c9b6d_2018-09-28_2652256960_IWu29MeTvO.y.tar.gz","2018-09-30 00:23:12","该内容已被发布者删除"
"上海2万元可以“买”一套房？旧住房改造送来大礼包","第一财经网","2018-09-28","gh_f6fbe25b070c_2018-09-28_2654033828_wLNSoG0KOr.y.tar.gz","2018-09-30 04:18:29","该公众号已迁移"
"男性越来越注重颜值，美妆巨头率先布局抢市场","第一财经网","2018-09-28","gh_f6fbe25b070c_2018-09-28_2654033828_M5ZmHb29DG.y.tar.gz","2018-09-30 04:18:51","该公众号已迁移"
"唐 国 强....出大.亊了!","小明有爆料","2018-09-28","gh_8cfa220f916e_2018-09-28_2451196562_qetI0VzlLE.y.tar.gz","2018-09-30 04:56:35","该内容已被发布者删除"
"向胡德平先生致敬！","新湘江评论","2018-09-28","gh_3b6e882de9d2_2018-09-28_2247489608_LT0mfwW6FS.y.tar.gz","2018-09-28 13:16:40","此内容因违规无法查看"
"全球最大的自动化饺子工厂什么样？快来看看","湖北新闻","2018-09-27","gh_6cf1cbf3c60b_2018-09-27_2650022300_E0LWPwBC3S.y.tar.gz","2018-09-28 08:30:46","该内容已被发布者删除"
"【渡过电台】如何摆脱抑郁的极端毁灭心理？","渡过","2018-09-28","gh_1cb479e49e2b_2018-09-28_2652866480_PFdYHVUviT.y.tar.gz","2018-09-28 09:33:01","该内容已被发布者删除"
"腾讯今日话题招聘两名实习生","今日话题","2018-09-28","gh_a74f6e32ff7d_2018-09-28_2655490287_LWKCZY3MNQ.y.tar.gz","2018-09-30 03:23:24","该内容已被发布者删除"
"莫言：感到自己跟一头猪一条狗没有什么区别","人民视野2018","2018-09-27","gh_4b9b0448fa81_2018-09-27_2652088363_XITcbFkqe2.y.tar.gz","2018-09-30 03:22:40","该内容已被发布者删除"
"俄军机被误击，俄罗斯竟成最大赢家，以色利有苦难言！","中东研究通讯","2018-09-27","gh_9222b5b77142_2018-09-27_2651002099_BYCVKDUad3.y.tar.gz","2018-09-28 10:58:37","该内容已被发布者删除"
"【直播预告】今日上午，二坊坪镇占甲桥村丰收节，等你来！","掌上张家界","2018-09-28","gh_7ce7fa0b919e_2018-09-28_2655037402_S0KUswTv0D.y.tar.gz","2018-09-28 10:49:06","该内容已被发布者删除"
"男生的NK应该叫“荷”，你知道为什么吗？","奔波儿灞与灞波儿奔","2018-09-27","gh_a7700a3fd604_2018-09-27_2655231480_mAsWkvJXr2.y.tar.gz","2018-09-28 18:10:51","此内容因违规无法查看"
"男友朋友圈留着对前女友的表白，要不要分手？","奔波儿灞与灞波儿奔","2018-09-27","gh_a7700a3fd604_2018-09-27_2655231480_Fx6EG3al4C.y.tar.gz","2018-09-30 09:47:14","该内容已被发布者删除"
"欧洲的右转：西班牙左倾主流媒体掩盖犯罪者宗教背景，引起普遍反感…","星系花园","2018-09-28","gh_04684f26766c_2018-09-28_2247490496_O4ZWVapYx6.y.tar.gz","2018-09-30 10:32:56","此帐号已被屏蔽,"
"研究哲学50年，读者2000万，他说每个人都缺一次人生诊断","心理公开课","2018-09-28","gh_a9375f4e8524_2018-09-28_2651806721_UudDt7hnRy.y.tar.gz","2018-09-28 12:48:25","该内容已被发布者删除"
"川普竟然把枪口对准了伟大领袖的妻子和母亲！手段太残忍了啦…","星系花园","2018-09-28","gh_04684f26766c_2018-09-28_2247490496_Q2uAw5iBIz.y.tar.gz","2018-09-30 10:32:34","此帐号已被屏蔽,"
"专家称中国还有这5亿人要买房，你是其中一员吗？","第一财经网","2018-09-27","gh_f6fbe25b070c_2018-09-27_2654033821_q72bc1pNgm.y.tar.gz","2018-09-30 05:51:54","该公众号已迁移"
"有了这帮王八犊子...中国就好不了！","老梁说真话","2018-09-27","gh_9635a97aa6b0_2018-09-27_2247489352_JvKr9TYEGQ.y.tar.gz","2018-09-28 18:40:43","该内容已被发布者删除"
"被“张小平离职”刷屏的一天","王雅媛港股圈","2018-09-27","gh_222f5f6d147e_2018-09-27_2652061285_2C3gIFSrap.y.tar.gz","2018-09-28 11:55:13","此内容因违规无法查看"
"【推荐】李晨、吴秀波好男人形象崩塌，渣男都有什么特征？","中塔塔罗网","2018-09-28","gh_5c06ce51e78c_2018-09-28_2650295825_0O704rRUfT.y.tar.gz","2018-09-28 14:56:35","该内容已被发布者删除"
"《断舍离》包邮领：没有“断舍离”过的人生，不是丰盈的人生","一禅小屋","2018-09-28","gh_cedac5a37d79_2018-09-28_2458259331_6Q8OdWoAi1.y.tar.gz","2018-09-30 12:10:47","该内容已被发布者删除"
"原来“山核桃”长这样，很多人看到后都惊讶了！","水木然","2018-09-27","gh_8494fbcc965f_2018-09-27_2651274469_avP68HK0ke.y.tar.gz","2018-09-28 14:44:54","该内容已被发布者删除"
"小心你被自己的人设坑死","十分心理","2018-09-27","gh_2c7481654555_2018-09-27_2651426480_agDUMmFJvY.y.tar.gz","2018-09-28 15:13:10","该内容已被发布者删除"
"乌克兰军方系统密码为何如此“复杂”？","黑白之道","2018-09-28","gh_886b94872294_2018-09-28_2650449728_tIwZacpor4.y.tar.gz","2018-09-28 16:17:04","此内容被投诉且经审核涉嫌侵权，无法查看。"
"傻蛋（2）","民航小报报姐","2018-09-28","gh_2d7787f713d3_2018-09-28_2650435410_SamFn8v097.y.tar.gz","2018-09-30 09:57:20","该内容已被发布者删除"
"头条 | 杨锦麟：只要不走回头路，中国的前途是光明的","自媒社","2018-09-28","gh_68f9480b692c_2018-09-28_2651478999_NmaZk7HM0w.y.tar.gz","2018-09-30 19:50:27","此内容因违规无法查看"
"今天开始，可以关心一下粮食和蔬菜了","政经观潮","2018-09-28","gh_6464e9dc9910_2018-09-28_2247484161_G0BQMzSIOg.y.tar.gz","2018-09-29 00:44:51","此内容因违规无法查看"
"中国游客，出去玩别抖了，我害怕！","凤凰WEEKLY","2018-09-28","gh_44e51cde40c7_2018-09-28_2247507398_HBXA89Rr5a.y.tar.gz","2018-09-30 08:12:28","该内容已被发布者删除"
"韩城周边招聘求职、出售求购、出租求租、征婚信息","韩城周边大小事","2018-09-28","gh_063bda886aec_2018-09-28_2247491073_3gf1BHuOI4.y.tar.gz","2018-09-30 16:23:58","该内容已被发布者删除"
"景林资产“全线告急”！最擅长空仓的大佬蒋锦志也被套了","环球老虎财经","2018-09-28","gh_f954afaea1cd_2018-09-28_2653809671_SyovmU946D.y.tar.gz","2018-09-30 12:15:58","该内容已被发布者删除"
"被刑拘！只因没让座，中年男子猛踹年轻小伙","新华网","2018-09-28","gh_68b976f584b5_2018-09-28_2768391613_pwcnqWdAvI.y.tar.gz","2018-09-28 19:26:20","该内容已被发布者删除"
"县长被22岁年轻镇长暴揍，年轻镇长反而升迁当了市委书记！","浙江我老家","2018-09-28","gh_ace214d6b9c4_2018-09-28_2449732593_OceWKuk68h.y.tar.gz","2018-09-30 12:32:07","该内容已被发布者删除"
"智利为什么那么长？","地球知识局","2018-09-28","gh_a0c22034cce0_2018-09-28_2247498603_NPF1UMfgzT.y.tar.gz","2018-09-29 00:21:41","该内容已被发布者删除"
"深圳女生横死街头：别把自己脑袋栓别人裤腰带上","时局报","2018-09-27","gh_42092c4a3925_2018-09-27_2247485429_Q6cNjHwyqe.y.tar.gz","2018-09-30 13:20:44","该内容已被发布者删除"
"PingPong国庆期间业务安排","PingPong订阅号","2018-09-28","gh_b9a27e1f2f07_2018-09-28_2247487377_rwFin0NXk6.y.tar.gz","2018-09-30 13:29:00","该内容已被发布者删除"
"法官的自白：死刑复核，灵魂折磨！","法意读书","2018-09-28","gh_491e65fdbff7_2018-09-28_2651242773_VEPxdr51Ap.y.tar.gz","2018-09-30 14:21:42","此内容因违规无法查看"
"川普竟然把枪口对准了伟大领袖的妻子和母亲！手段太残忍了啦…","遮眼看天","2018-09-28","gh_b984621ff266_2018-09-28_2247486272_UHakzuDiOS.y.tar.gz","2018-09-30 19:10:57","此内容被投诉且经审核涉嫌侵权，无法查看。"
"暗恋的小哥哥拥抱我之后…| 每日送命题","白日做梦","2018-09-28","gh_867e9e706024_2018-09-28_2649457187_xPKmevJQ8p.y.tar.gz","2018-09-30 19:18:31","该内容已被发布者删除"
"杭州一间出租房内住着10个孕妇!民警打开房门时她们竟都是...","杭州日报","2018-09-28","gh_8a52bbe0a8d9_2018-09-28_2651867150_p06vGiAPeQ.y.tar.gz","2018-09-30 19:15:42","该内容已被发布者删除"
"又丢脸到国外了？疑中国大妈在瑞士被爆掐天鹅脖子登“国际头条”","广州日报","2018-09-28","gh_dc27928a48a5_2018-09-28_2652437409_TVMQGoOpyW.y.tar.gz","2018-09-28 22:58:39","该内容已被发布者删除"
"巡察| 萧山第二轮巡察部分结果公布，临浦、楼塔、所前存在这些问题","萧山网","2018-09-28","gh_7213a184c3bf_2018-09-28_2651987307_n58mLufZFR.y.tar.gz","2018-09-28 23:04:48","该内容已被发布者删除"
"中国信通院互联网监测分析与宽带测速平台亮相通信展","中国信息通信研究院CAICT","2018-09-28","gh_ccd6562d7551_2018-09-28_2650762801_24UGwPNYZF.y.tar.gz","2018-09-28 22:53:19","该内容已被发布者删除"
"( 9.30发)想毁掉1个孩子，给他一部手机就够了（家长必读）","黑白先生","2018-09-28","gh_d40e887b5221_2018-09-28_2651849996_ixu6MW8KNz.y.tar.gz","2018-09-29 00:27:07","该内容已被发布者删除"
"人民币缩水静悄悄","天狐视角","2018-09-28","gh_e4895f73dd03_2018-09-28_2247485531_At9byogEdm.y.tar.gz","2018-09-29 00:52:10","此内容因违规无法查看"
"13起涉黑案件！2009起涉恶案件！内蒙古扫黑除恶取得阶段性成果！","内蒙古日报","2018-09-28","gh_b7047f0cbe74_2018-09-28_2653147554_65AmjE07Uf.y.tar.gz","2018-09-28 23:59:14","该内容已被发布者删除"
"奉旨入宫，开进紫禁城的luckin coffee有何营销妙法？","界面","2018-09-28","gh_93119cc8064a_2018-09-28_2650443678_Eas83mOyze.y.tar.gz","2018-09-29 03:46:14","该内容已被发布者删除"
"刚刚，特朗普竟然把枪口对准了伟大领袖的妻子和母亲！手段太残忍了…","狮门论坛","2018-09-28","gh_3f9203662dc6_2018-09-28_2247485770_aEh8GX4rHN.y.tar.gz","2018-09-29 05:03:09","此内容因违规无法查看"
"当地人免费，外国人免费，却收外地人的钱？这些景区太……","人民网","2018-09-27","gh_d62474859d61_2018-09-27_2658521193_JZw0C4jUnY.y.tar.gz","2018-09-29 05:19:23","该内容已被发布者删除"
"离职能直接影响中国登月的人才，只配呆在底层？？？","微观时局","2018-09-27","gh_5b9799228df1_2018-09-27_2247484974_sgxM1rHGdE.y.tar.gz","2018-09-29 08:15:56","该内容已被发布者删除"
"大快人心，“最强”打虎日 八名省部级贪官同日获刑","百姓生计","2018-09-29","gh_ec9122b5999a_2018-09-29_2247486032_34U8OV0IZG.y.tar.gz","2018-09-29 14:51:01","此内容因违规无法查看"
"“中国网事·感动2018”三季度网络人物评选启动","新华网","2018-09-29","gh_68b976f584b5_2018-09-29_2768391696_nNAyIgzPDS.y.tar.gz","2018-09-29 10:38:56","该内容已被发布者删除"
"厦门医患术前在线公证《手术知情同意书》，医院是想避免纠纷还是甩锅？","中国之声","2018-09-29","zhongguozhisheng5538_2018-09-29_2651306857_jYx9ZTDs6q.y.tar.gz","2018-09-29 13:48:11","该内容已被发布者删除"
"中国外交部长王毅：坚持多边主义共谋和平发展","环球交叉点","2018-09-29","gh_091efeb00572_2018-09-29_2651342224_pBXJ0nKAz1.y.tar.gz","2018-09-29 14:22:13","该内容已被发布者删除"
"韩城周边招聘求职、出售求购、出租求租、征婚信息","韩城周边大小事","2018-09-27","gh_063bda886aec_2018-09-27_2247491047_8YfU6h0WOd.y.tar.gz","2018-09-29 08:40:24","该内容已被发布者删除"
"【贸金投融07】银行资金寻供应链应收账款ABS项目","贸易金融","2018-09-27","gh_899bb1d78e2a_2018-09-27_2651709909_i3jG5kb0C9.y.tar.gz","2018-09-29 17:22:26","该内容已被发布者删除"
"头条号过万实战 {干货}","自媒体","2018-09-27","gh_5d8b2e6b8c20_2018-09-27_2651405490_FlE4XAS7v6.y.tar.gz","2018-09-29 07:48:46","该内容已被发布者删除"
"10月1日起，黄果树试行实名制预约购票！售票处不再&amp;quot;排长龙&amp;quot;","多彩贵州网","2018-09-29","gh_6bd4e5daaad0_2018-09-29_2651982618_hwJ4FlsoeU.y.tar.gz","2018-09-29 17:41:26","该内容已被发布者删除"
"美食之旅 | 最“网红”的美味小吃都在这里，国庆节你不来打卡？！","爱尚解放碑","2018-09-29","gh_024bb90a2435_2018-09-29_2660245569_9EQJH41zCu.y.tar.gz","2018-09-29 17:04:19","该内容已被发布者删除"
"社会制度合不合适，人民最有发言权","hladrv","2018-09-29","gh_08cffe18dcd4_2018-09-29_2247483819_YmUdoHDst4.y.tar.gz","2018-09-30 00:01:16","此内容因违规无法查看"
"20年献血13万毫升，佛山献血冠军许世彬入选“中国好人”","禅城发布","2018-09-29","gh_c5ab01d46c6d_2018-09-29_2651206359_8kyDrl6M1G.y.tar.gz","2018-09-29 16:43:58","该内容已被发布者删除"
"书画平谷 | 每日一画【珍珠鸡】","平谷官话","2018-09-29","gh_d2570dad133f_2018-09-29_2247489419_ABWaXrOl2M.y.tar.gz","2018-09-30 02:15:23","该内容已被发布者删除"
"壮阔东方潮 奋进新时代 | 庆祝改革开放40年——梨树沟写意","平谷官话","2018-09-29","gh_d2570dad133f_2018-09-29_2247489419_89Xq54PJHM.y.tar.gz","2018-09-30 02:16:28","该内容已被发布者删除"
"10月2日，休闲平谷·享跑未来“半马”将在平谷鸣枪开跑","平谷官话","2018-09-29","gh_d2570dad133f_2018-09-29_2247489419_Gv6UOhM0HQ.y.tar.gz","2018-09-30 02:15:45","该内容已被发布者删除"
"吃货的惨痛教训：永川男子为找蜂蜜  意外被电晕后失忆","630很有料","2018-09-29","gh_920c56b1a75e_2018-09-29_2247498318_MTFOEHnXpV.y.tar.gz","2018-09-30 02:05:59","该内容已被发布者删除"
"重磅！赣州这条高铁又有新进展！全长设12个站，“贴地飞行”不是梦~","赣州发布","2018-09-29","gh_53a63f0d781c_2018-09-29_2658916470_lVWqPh4FzY.y.tar.gz","2018-09-29 18:35:44","该内容已被发布者删除"
"山东大学，请像尊重高|官一样尊重学者","海外博士学者圈子","2018-09-29","gh_5adc0787d242_2018-09-29_2247485162_Y40VxzRrCK.y.tar.gz","2018-09-29 18:24:28","此内容因违规无法查看"
"2018下半年全国剑桥少儿英语统一考试在长沙市青少年宫隆重举行！","长沙市青少年宫","2018-09-29","gh_82299df57772_2018-09-29_2650793518_C7J1e59hvB.y.tar.gz","2018-09-29 19:56:07","该内容已被发布者删除"
"方向确定！中美德共同宣布，股市要变天！","德国优才计划","2018-09-27","gh_e4a86c912099_2018-09-27_2654895000_mzxaKGBOey.y.tar.gz","2018-09-29 19:48:52","该内容已被发布者删除"
"光天化日在长兴中央大道暴力抢劫！这5名男子三小时后广德落网！","长兴人","2018-09-27","gh_eb9386049200_2018-09-27_2652442480_yEXHtg5wfK.y.tar.gz","2018-09-29 19:39:59","此内容被投诉且经审核涉嫌侵权，无法查看。"
"北上广深，谁满足了你对便利店的终极幻想？","虎嗅APP","2018-09-29","wxid_7620846208112_2018-09-29_2655549999_QrEHiXx9Nf.y.tar.gz","2018-09-29 21:19:09","该内容已被发布者删除"
"鹿.茸.吃法有讲究，鹿.茸.的功效、吃法、禁忌你都了解吗？","顶级黑幕","2018-09-28","gh_761650aea012_2018-09-28_2655953388_a1p8cA2FDt.y.tar.gz","2018-09-29 22:52:25","该内容已被发布者删除"
"鹿.茸.吃法有讲究，鹿.茸.的功效、吃法、禁忌你都了解吗？","看点曝料","2018-09-28","gh_d4c3e305a602_2018-09-28_2650085118_TUQN23cofz.y.tar.gz","2018-09-29 22:53:09","该内容已被发布者删除"
"鹿.茸.吃法有讲究，鹿.茸.的功效、吃法、禁忌你都了解吗？","黑幕观察","2018-09-28","gh_5910d7b32d72_2018-09-28_2247484155_TAFyPd08f3.y.tar.gz","2018-09-29 23:10:27","该内容已被发布者删除"
"新能源汽车火了，整体产业链持续爆发","农合论坛官网","2018-09-28","gh_f66439edf5f0_2018-09-28_2654055695_RcVviO3926.y.tar.gz","2018-09-29 23:51:36","该内容已被发布者删除"
"秋天是个养身的季节！白开水加一物排出全身毒素，推荐给家人！","南师国学堂","2018-09-28","gh_45de294b7642_2018-09-28_2650405867_gZsDxF9ifA.y.tar.gz","2018-09-29 23:58:55","该内容已被发布者删除"
"张小平们的离职真相：除了钱，这个原因才是最主要的","瞭望智库","2018-09-28","gh_0008713c31f5_2018-09-28_2653248659_KjiJGce0Y0.y.tar.gz","2018-09-30 00:11:39","此内容因违规无法查看"
"内蒙古自治区党委决定给予文民开除党籍开除公职处分","内蒙古纪委监委","2018-09-29","gh_b53f39bb497d_2018-09-29_2247496319_eOlSQ84wdq.y.tar.gz","2018-09-29 22:56:12","该内容已被发布者删除"
"既要造势，又要杀敌——这届互联网公关很忙","Vista看天下","2018-09-27","gh_52a264d06413_2018-09-27_2651704169_uOaIiKpsB2.y.tar.gz","2018-09-29 12:33:36","该内容已被发布者删除"
"张小平离职背后：中国两大航天集团为何成不了NASA？","寻找中国创客","2018-09-28","gh_40b3ce791e33_2018-09-28_2652454658_0moY6TC5jD.y.tar.gz","2018-09-30 02:27:18","此内容因违规无法查看"
"通知公告 | 2018休闲平谷·享跑未来国际半程马拉松比赛交通管制通告","平谷官话","2018-09-29","gh_d2570dad133f_2018-09-29_2247489419_Ex23BGJ80h.y.tar.gz","2018-09-30 02:16:07","该内容已被发布者删除"
"大气观察 | 9月28日环境质量播报","平谷官话","2018-09-29","gh_d2570dad133f_2018-09-29_2247489419_jFotJBN4Du.y.tar.gz","2018-09-30 02:16:50","该内容已被发布者删除"
"中国最牛服务员：19岁当海底捞店长，如今身价30亿！","餐饮老板内参","2018-09-28","gh_11382b7b3ab8_2018-09-28_2652085177_jAxk2K09NF.y.tar.gz","2018-09-30 03:17:12","此内容被投诉且经审核涉嫌侵权，无法查看。"
"美国阻挠，全球最高贸易法庭真要停摆了……","第一财经网","2018-09-28","gh_f6fbe25b070c_2018-09-28_2654033828_iyvpIuXQP2.y.tar.gz","2018-09-30 04:17:37","该公众号已迁移"
"新罗区这八所学校食堂被抽查，仅一所合格！","龙岩网","2018-09-27","gh_bd529b32c7be_2018-09-27_2649362642_4OrXsxCWEa.y.tar.gz","2018-09-30 03:46:11","该内容已被发布者删除"
"突发！胶州120救护车送患者途中硬怼白色轿车酿车祸","胶州人在线","2018-09-29","gh_27ee79e1686f_2018-09-29_2651539136_OqwhPGSKeJ.y.tar.gz","2018-09-30 05:14:47","该内容已被发布者删除"
"微信重磅更新！可以自拍表情包，快看看哪项好玩的你能用上","新华社","2018-09-27","gh_6651e07e4b2d_2018-09-27_2649411934_dzZUcy0q2Q.y.tar.gz","2018-09-29 18:24:28","此内容被投诉且经审核涉嫌侵权，无法查看。"
"刘强东酒局沉浮录：从结识章泽天到曝出性丑闻，成也夜宴败也夜宴","时局报","2018-09-26","gh_42092c4a3925_2018-09-26_2247485419_AR1Ymti02J.y.tar.gz","2018-09-29 21:59:32","该内容已被发布者删除"
"晚间公告 | 干货！9月27日晚间重要公告速读","第一财经网","2018-09-27","gh_f6fbe25b070c_2018-09-27_2654033821_kqihgORcC0.y.tar.gz","2018-09-30 05:53:22","该公众号已迁移"
"吴秀波被曝出轨，宋丹丹也被扒得一干二净！她背后的故事比演戏还精彩！","财经要参","2018-09-27","gh_34471e1f4b56_2018-09-27_2652970839_GEl0STVYdj.y.tar.gz","2018-09-30 10:12:27","该内容已被发布者删除"
"恩爱生活，有深“爱”才有生活","処女座","2018-09-29","gh_232719586984_2018-09-29_2653035207_P08QCXIOVR.y.tar.gz","2018-09-30 11:02:21","该内容已被发布者删除"
"关于update 51的说明","真理规划局","2018-09-30","gh_93523c0a552d_2018-09-30_2247484184_EGZ1gju0wr.y.tar.gz","2018-09-30 13:09:06","此内容因违规无法查看"
"人工智能的法律挑战 | 陈景辉教授加盟人大第一篇","法学学术前沿","2018-09-28","gh_78fa5de4947d_2018-09-28_2653167031_rRljdfxTaL.y.tar.gz","2018-09-30 08:42:54","该内容已被发布者删除"
"“逐光前行、向梦而生”——“企鹅”织“青梦”，缔造行业新力量","三声","2018-09-27","gh_392ea15c04ea_2018-09-27_2652853439_Ml0vYcx52W.y.tar.gz","2018-09-28 13:25:59","该内容已被发布者删除"
"律师如何前往腾讯公司调查微信账户信息？看这一篇就够了！","我在抱住","2018-09-28","gh_48ac2a3fcebf_2018-09-28_2247493882_DCxrFSiUTH.y.tar.gz","2018-09-30 10:45:37","此内容被投诉且经审核涉嫌侵权，无法查看。"
"西宁1路公交车上一名男子突然被几名男子摁倒在地，是打架斗殴还是另有隐情？","经视法案","2018-09-30","gh_c23a4bc0887a_2018-09-30_2660845118_pjJZHLF6oC.y.tar.gz","2018-09-30 15:43:55","该内容已被发布者删除"
"北方青杨：《河岸上的少年》（64）","北方青杨","2018-09-30","gh_a515ab04b947_2018-09-30_2247487844_1JcgKBwtx0.y.tar.gz","2018-09-30 17:14:53","该内容已被发布者删除"
"重要通知：国庆期间，省内部分景区不对外开放！","FM107太原交通广播","2018-09-28","gh_ea381efff8ab_2018-09-28_2656322800_OWHNTXr6Uo.y.tar.gz","2018-09-30 11:41:50","该内容已被发布者删除"
"扶贫资金都用哪了？广西这4县（市）存在问题！","广西日报","2018-09-28","gh_ee7eea2a22ab_2018-09-28_2651326587_U1Sm7GqQyT.y.tar.gz","2018-09-30 11:47:18","该内容已被发布者删除"
"【创文百科】教你做文明城市中的文明人","文明广州","2018-09-28","gh_733d96f8c1e7_2018-09-28_2650777715_O04NiTm0Ds.y.tar.gz","2018-09-30 04:24:36","该内容已被发布者删除"
"搜狐张朝阳为她打call！奥运冠军也与她同行！她是谁？发生了什么？","丹寨万达小镇","2018-09-30","gh_4b99dd4eb8d5_2018-09-30_2247486410_fCInZziLWD.y.tar.gz","2018-09-30 15:03:27","该内容已被发布者删除"
"交了30多年公粮，国家欠农民一份社保！（求转投票）","百姓生计","2018-09-30","gh_ec9122b5999a_2018-09-30_2247486042_LJojrXYlph.y.tar.gz","2018-09-30 15:50:44","此内容因违规无法查看"
"中共兰州市公安局机关第八次代表大会胜利召开！","兰州公安","2018-09-30","gh_cefd3810270d_2018-09-30_2650968894_zIBmt3fgnW.y.tar.gz","2018-09-30 19:25:42","该内容已被发布者删除"
"40岁后的二次创业，我选择了小程序代理 W","了不起我的国","2018-09-27","gh_c168a0a0ca56_2018-09-27_2247487144_8er5aZcM7o.y.tar.gz","2018-09-30 17:07:48","该内容已被发布者删除"
"700万的金地全装修叠墅，交房日竟如此恶劣地糊弄业主……","新民周刊","2018-09-30","wxid_8889478894411_2018-09-30_2652803595_Igh25xe1Er.y.tar.gz","2018-09-30 17:02:06","该内容已被发布者删除"
"500套房开盘0成交！血降6千/㎡的楼盘同意退房... 楼市一片哀嚎！","郑州新浪乐居","2018-09-28","gh_b7eb5e599be3_2018-09-28_2649838001_4x8qj0W1l9.y.tar.gz","2018-09-30 09:22:06","该内容已被发布者删除"
"美的上班撞断胳膊，为何不认是工伤？一纸辞退书，伤身又伤心！","AHTV法治时空","2018-09-28","gh_0ae0c11f7a90_2018-09-28_2650622778_jqBU7cJsZO.y.tar.gz","2018-09-30 07:16:37","该内容已被发布者删除"
"会呼吸的公园，你知道多少？一起来答题了解一下，还有奖可以拿哦！","福州日报","2018-09-30","gh_516642c12ba2_2018-09-30_2652044292_poCkiJZ8ae.y.tar.gz","2018-09-30 17:09:24","该内容已被发布者删除"
"揭露迷奸产业链:300多人在线指导他给姑娘的火锅下药","青杏熟了","2018-09-28","gh_70073d32ff51_2018-09-28_2247491457_l0cVFHypJw.y.tar.gz","2018-09-30 19:12:03","该内容已被发布者删除"
"情侣聊天记录曝光：从恋爱到分手，会经历什么阶段","白日做梦","2018-09-28","gh_867e9e706024_2018-09-28_2649457187_jT1vQr7CZc.y.tar.gz","2018-09-30 19:18:53","该内容已被发布者删除"
"你骂红卫兵试试？","此路不通","2018-09-30","gh_9217a60dcc6a_2018-09-30_2247484143_Sfe58r6N0M.y.tar.gz","2018-09-30 20:11:17","此内容因违规无法查看"
"我16岁时被强奸，没有告诉任何人 | 2018.9.30 图文欣赏","透过图片看世界","2018-09-30","gh_cd7075f41e01_2018-09-30_2449963656_UbOGpVfQ23.y.tar.gz","2018-09-30 20:12:46","此内容因违规无法查看"
"打造“中国好房子”，世茂的脚步从未停息","中国房地产报","2018-09-30","gh_3dda95af34d0_2018-09-30_2653394475_uTgGfw4M5D.y.tar.gz","2018-09-30 20:28:56","该内容已被发布者删除"
"一次性把普洱茶讲清楚（建议收藏）","华哥读报","2018-09-28","gh_7a402e27f818_2018-09-28_2649693811_1nRwB4hFUu.y.tar.gz","2018-09-30 20:29:09","该内容已被发布者删除"
"烤全羊！羊杂汤！“海之星烤全羊”餐品至尊让你看了图就直接要往他们店里飞奔而去！","新台州","2018-09-30","gh_c0264c31664d_2018-09-30_2247492372_MvlWgp8XVB.y.tar.gz","2018-09-30 20:48:39","该内容已被发布者删除"
"2018云南公益广告大赛获奖名单公示","云南网","2018-09-30","gh_3033f4cf486d_2018-09-30_2671127369_KD9vQLeAb4.y.tar.gz","2018-09-30 20:59:01","该内容已被发布者删除"
"交流特高压的三次“激辩”：十余年间到底在争什么？","南方能源观察","2018-09-30","gh_99175221837b_2018-09-30_2650095051_rb5Jndpy1g.y.tar.gz","2018-09-30 21:07:23","该内容已被发布者删除"
"快讯丨因省政府机构改革、工作需要 福建任免12位厅长","东南网","2018-09-30","gh_4c18cfd816e8_2018-09-30_2650242536_DQhp6JWC9u.y.tar.gz","2018-09-30 21:12:34","该内容已被发布者删除"
"腾讯巨变：消失的 3 个事业部，是对 6 年前阿里的致敬","爱范儿","2018-09-30","aifaner383402_2018-09-30_2651865555_NO47eTdKjG.y.tar.gz","2018-09-30 23:35:32","该内容已被发布者删除"
"活动预告丨复旦大学管理学院校友物流供应链俱乐部换届仪式暨供应链发展论坛","复旦管院校友中心","2018-09-30","gh_e84f3a91fd4f_2018-09-30_2653162305_1guStYCo0T.y.tar.gz","2018-09-30 23:37:21","该内容已被发布者删除"
"【烈士纪念日】市公安局组织开展烈士纪念日活动","金昌公安","2018-09-30","gh_aec0c30e47cc_2018-09-30_2654180689_YeEthFzSs1.y.tar.gz","2018-10-01 00:28:56","该内容已被发布者删除"
"进人女性身体后男人最在意的是什么？","同志生活圈","2018-09-29","gh_f540e1448cd0_2018-09-29_2650229932_FHwUiBtxIh.y.tar.gz","2018-10-01 00:34:39","此内容因违规无法查看"
"省公安厅交管局、省旅发委、省运管局联合召开2018年全省国庆旅游客运交通安全工作动员部署视频会","山西交警权威发布","2018-09-28","gh_8342bcca80b9_2018-09-28_2651161267_Csgktbu3mZ.y.tar.gz","2018-10-01 00:56:17","该内容已被发布者删除"
"看看什么叫老牛吃嫩草，谁老谁嫩你说了算！","二手见闻","2018-09-30","gh_7d36712cb60a_2018-09-30_2247483990_NsJwg7eoQC.y.tar.gz","2018-10-01 02:02:02","该内容已被发布者删除"
"红领巾竟印广告 当地教育局：发现后很快收回","中国之声","2018-09-29","zhongguozhisheng5538_2018-09-29_2651306857_Y9UiIHuEZs.y.tar.gz","2018-10-01 02:17:14","该内容已被发布者删除"
"因省政府机构改革、工作需要 福建任免12位厅长","福州新闻网","2018-09-30","gh_8c9ecd409983_2018-09-30_2650183327_1qpjN0UIT9.y.tar.gz","2018-10-01 03:02:19","该内容已被发布者删除"
"你的后备箱是什么样的啊？杂物堆积无须？凌乱又土气？","岛上车事","2018-09-30","gh_09d6a72aa7e9_2018-09-30_2247484331_z0oTR6P42a.y.tar.gz","2018-10-01 03:23:24","该内容已被发布者删除"
"哈哈哈哈哈，中华人民共和国，就问你慌不慌！","环球时报","2018-09-30","gh_95b0feda9646_2018-09-30_2653270009_U0tSkOxwPl.y.tar.gz","2018-10-01 03:40:25","该内容已被发布者删除"
"#深度#北大博士论文痛斥基层官场媚态","共同自由","2018-09-30","gh_1bad560ad5ea_2018-09-30_2653610150_cGdTMf0UvF.y.tar.gz","2018-10-01 03:53:08","此内容因违规无法查看"
"关维兴水彩人物画法图解","水彩写生","2018-09-29","gh_f3ceb3339b34_2018-09-29_2652296435_O0ZVvYeI78.y.tar.gz","2018-10-01 04:23:53","该内容已被发布者删除"
"情|妇受|贿败露，开发商利益|链崩盘：尺|度如此之大…","法务之家","2018-09-30","gh_14a1cef1825d_2018-09-30_2650804463_vkZUr4NdFx.y.tar.gz","2018-10-01 04:39:05","此内容因违规无法查看"
"注意！洗衣液、洗洁精要少用！毒性危害太可怕了！","脉脉养生","2018-09-28","gh_6979869868f0_2018-09-28_2247490222_4NRslf3kQH.y.tar.gz","2018-10-01 04:48:08","该内容已被发布者删除"
"你知道身上到底有多少湿气存在吗？值得收藏！","魔都囡","2018-09-29","gh_ae36af7e44bd_2018-09-29_2247500613_IPaoDL0cUK.y.tar.gz","2018-10-01 05:02:31","该内容已被发布者删除"
"连环杀人魔，性瘾者，吸血症，食人肉，当年震惊全国的奇案揭秘……","红色聚焦","2018-09-29","gh_28a27f6c0472_2018-09-29_2247484957_kfaRu0b4it.y.tar.gz","2018-10-01 05:20:21","该内容已被发布者删除"
"韩城周边招聘求职、出售求购、出租求租、征婚信息","韩城周边大小事","2018-09-29","gh_063bda886aec_2018-09-29_2247491086_501E7yXGRn.y.tar.gz","2018-10-01 06:28:35","该内容已被发布者删除"
"刚刚！江门这52名街坊共获奖68万！就因为举报这样的犯罪线索！","江门交通运输","2018-09-30","gh_6f7cfba47673_2018-09-30_2655509285_CF5WtjSZhA.y.tar.gz","2018-10-01 06:38:18","该内容已被发布者删除"
"窦靖童替同父异母妹妹宣传新歌：优秀的孩子，背后一定有个情绪稳定的妈妈","言情说","2018-09-29","gh_f5fdadaa1c46_2018-09-29_2658178855_LCeXykmn9Q.y.tar.gz","2018-10-01 06:49:01","该内容已被发布者删除"
"湖南娄底监狱：两名学生罪犯拒绝减刑消息传遍全国，曾遭刑讯逼供承认奸杀英语老师！","今日微察","2018-09-29","gh_6382ade6bf9c_2018-09-29_2247484149_16RXsCDcQ0.y.tar.gz","2018-10-01 07:06:29","该内容已被发布者删除"
"悬赏通告！内蒙古公安厅公开缉捕这30人","内蒙古日报","2018-10-01","gh_b7047f0cbe74_2018-10-01_2653147836_0y3rLh4bix.y.tar.gz","2018-10-01 10:13:18","该内容已被发布者删除"
"紧急通知！平定全县停气24小时！相互转告！","平定网","2018-09-29","gh_d540df4b5127_2018-09-29_2656742727_3eoTfEpwlc.y.tar.gz","2018-10-01 11:01:58","该内容已被发布者删除"
"偷瞄女同事手机，发现她上班竟然在......","奔波儿灞与灞波儿奔","2018-09-28","gh_a7700a3fd604_2018-09-28_2655231589_rjdSaL2yK5.y.tar.gz","2018-10-01 11:35:03","该内容已被发布者删除"
"修仙道传奇，人皇，魔皇，妖皇，三皇崛起！","大连单身","2018-09-29","gh_2ca90611da18_2018-09-29_2247488560_fDo4Sx51cy.y.tar.gz","2018-10-01 11:37:42","该内容已被发布者删除"
"车祸后，意外拥有了可观人气运吉凶的双眼，从此逢凶化吉、左右逢源！","探索者","2018-09-29","gh_715befbd50ba_2018-09-29_2650660447_rCDbevgcOm.y.tar.gz","2018-10-01 14:12:26","该内容已被发布者删除"
"白菜价”买海参（百补之王）背后，竟隐藏这么多不为人知的秘密？！","财经国闻","2018-09-29","gh_e1b15dc41ffc_2018-09-29_2650413605_xfQ4VbIsSm.y.tar.gz","2018-10-01 14:15:37","该内容已被发布者删除"
"范冰冰“消失”的100多天后，小崔又有了大动作！背后却令国人震撼万分！","铁血督查网","2018-09-29","gh_0c906f0e8d1d_2018-09-29_2247483701_ASbPfo9GqW.y.tar.gz","2018-10-01 16:16:49","此内容被投诉且经审核涉嫌侵权，无法查看。"
"弘扬新时代企业家精神｜施利进：5年，从200吨到15000吨","遂昌新闻","2018-09-29","gh_f4b94a2c6090_2018-09-29_2651076515_CdgTI0Nuzf.y.tar.gz","2018-10-01 16:18:38","该内容已被发布者删除"
"小姐姐发了个微博，成为&amp;quot;世界上最幸福的女人&amp;quot;","观察者网","2018-09-29","gh_5c9e0938601d_2018-09-29_2654702615_8J7ve1OmDp.y.tar.gz","2018-10-01 16:23:04","该内容已被发布者删除"
"【最新悬赏】内蒙古公安厅发布第二批30名涉黑涉恶案件在逃人员，见到请报警！（附照片）","掌上内蒙古","2018-10-01","gh_f5af3d6b8a76_2018-10-01_2650690813_ZGuUypL1QO.y.tar.gz","2018-10-01 16:29:56","该内容已被发布者删除"
"火爆岛国的私处美白好物，抹一抹，4周白嫩如少女！","橘子娱乐","2018-09-29","gh_502f6b9af3d6_2018-09-29_2650376547_jmf4kv7Hzd.y.tar.gz","2018-10-01 16:42:12","该内容已被发布者删除"
"今天国庆，你家乡的日出是几点？来找找！","湖北新闻","2018-10-01","gh_6cf1cbf3c60b_2018-10-01_2650022483_h60go4mf0t.y.tar.gz","2018-10-01 17:42:34","该内容已被发布者删除"
"美国好不容易为台湾暴怒了一回，结果台湾又被“卖”了","环球时报","2018-10-01","gh_95b0feda9646_2018-10-01_2653270063_SRB5Wr9LnF.y.tar.gz","2018-10-01 18:19:51","该内容已被发布者删除"
"毛真的后悔过放弃“中华民国”国号吗？","二手见闻","2018-10-01","gh_7d36712cb60a_2018-10-01_2247483999_AlPiojNhqO.y.tar.gz","2018-10-01 20:44:04","此内容因违规无法查看"
"风波后的鸿茅药酒：销售量回升到平时 35%","ZAKER","2018-10-01","gh_e3e018a7e41b_2018-10-01_2649516399_3ForR9iTmw.y.tar.gz","2018-10-01 21:02:38","该内容已被发布者删除"
"大爱清尘第三届医疗专家委员会第一次会议成功举行","大爱清尘基金","2018-09-29","gh_87b74552c65e_2018-09-29_2651529772_zHU9oQMgP2.y.tar.gz","2018-10-01 21:47:28","该内容已被发布者删除"
"万科高喊“活下去”，企业到了生死攸关的转折点！","水木然","2018-09-29","gh_8494fbcc965f_2018-09-29_2651274477_nS8VAxGXUO.y.tar.gz","2018-10-01 22:40:09","该内容已被发布者删除"
"新制度经济学的鼻祖科斯给中国的十大忠告，句句扎心","共同自由","2018-09-29","gh_1bad560ad5ea_2018-09-29_2653610146_wcU5pfI0l7.y.tar.gz","2018-10-01 22:46:37","此内容因违规无法查看"
"十月开始将锻造一大批富翁，只要你懂得把握！（好文必看）","财商焦点","2018-10-01","gh_cd2e5fc2682b_2018-10-01_2654417248_Tdt5QHKcLa.y.tar.gz","2018-10-01 22:48:06","此内容因违规无法查看"
"为什么我越作，男朋友越对我死心塌地？","请尊重一个姑娘的努力","2018-09-29","gh_29e5fe2cde11_2018-09-29_2665838672_ZMikVG73vR.y.tar.gz","2018-10-01 23:16:14","该内容已被发布者删除"
"别了，楼市博傻结束了！","金融五道口","2018-09-29","gh_517f0d8d1792_2018-09-29_2651284134_Hlkp02XqPx.y.tar.gz","2018-10-02 05:48:03","此内容因违规无法查看"
"判断一个妈妈能不能教出好孩子，看这个就够了","画友之家","2018-09-29","gh_e4d7b38fb8a3_2018-09-29_2653315374_51HzJaP07m.y.tar.gz","2018-10-02 06:56:04","该内容已被发布者删除"
"开了一家公司，请叫我保二CEO","保二爷","2018-09-30","gh_389b20956ad4_2018-09-30_2247486126_02LoUOBFi9.y.tar.gz","2018-10-01 23:15:05","该公众号已迁移"
"脸上长痘是体内有毒，教你一招让你美到尖叫！","処女座","2018-09-30","gh_232719586984_2018-09-30_2653035241_QlMB1z8uAS.y.tar.gz","2018-10-02 01:40:53","该内容已被发布者删除"
"真相的B面：都说特朗普吹牛被嘲笑，我看到的事实有点不一样","InsightsInfo","2018-09-30","gh_0fb156a3dbc7_2018-09-30_2247485136_IB0uscoACr.y.tar.gz","2018-10-02 01:37:58","此内容因违规无法查看"
"兵王沦为落魄保安，竟被霸道女总裁强势逼婚…","红色聚焦","2018-09-30","gh_28a27f6c0472_2018-09-30_2247484990_7Jr2Ajs8uQ.y.tar.gz","2018-10-02 01:52:10","该内容已被发布者删除"
"学术|从晚清到民国的新军","老兵读史","2018-09-30","gh_461ffa9e9f67_2018-09-30_2449623267_APJDqvS0pQ.y.tar.gz","2018-10-02 01:59:42","该内容已被发布者删除"
"【关注】13岁少女被奸杀，男子被判死缓！23年后，法院宣告他无罪","法治智库","2018-09-30","gh_e11e9e764505_2018-09-30_2247487422_TZL6rORCSB.y.tar.gz","2018-10-02 02:04:57","此内容因违规无法查看"
"暴跌50%！万科突然宣布，最残酷的时刻到了！","大河文摘","2018-09-30","gh_af1e0783f705_2018-09-30_2247495380_5jfhlGgSLY.y.tar.gz","2018-10-02 07:01:31","此内容因违规无法查看"
"怪我咯！昨天公号一条评论引发曼谷一对同志伴侣争吵 | 我们仨","三男一宅","2018-09-30","gh_c2e42c7bfa61_2018-09-30_2650033386_L1O4HoIMQ7.y.tar.gz","2018-10-02 02:59:54","该内容已被发布者删除"
"总丶理丶买丶肉！","百姓生计","2018-09-30","gh_ec9122b5999a_2018-09-30_2247486042_VOe80r2iWG.y.tar.gz","2018-10-02 07:24:12","此内容因违规无法查看"
"孙立平：四大“寄生兽”，吞噬了中国经济","荟思想5","2018-09-30","gh_e1eebb77452d_2018-09-30_2247484364_KWybkczUYZ.y.tar.gz","2018-10-02 02:12:23","此内容因违规无法查看"
"坍塌、精装缩水、延期交房... 多盘业主愤而行动！郑州楼市拐点来了？","郑州新浪乐居","2018-09-30","gh_b7eb5e599be3_2018-09-30_2649838046_hREKHzFmM7.y.tar.gz","2018-10-02 03:06:34","该内容已被发布者删除"
"【要闻】阿勒泰市召开第十九次中心组学习会议","阿勒泰市零距离","2018-10-01","gh_50ff403149b1_2018-10-01_2651393333_LYlhZqi8op.y.tar.gz","2018-10-02 01:19:12","该内容已被发布者删除"
"很短 | 从孟母三迁看中国的国际战略","很短","2018-10-01","gh_ea29502905c1_2018-10-01_2247484838_JS3iTWCdjM.y.tar.gz","2018-10-02 01:51:39","此内容因违规无法查看"
"【每日杂图】被女朋友嫌弃小，只好出此下策","简笔笑画","2018-10-01","gh_c364747d22d0_2018-10-01_2653479753_0XNiJURBAH.y.tar.gz","2018-10-02 03:22:18","此内容因违规无法查看"
"一个没有双耳又聋又哑的传道人，上帝开启了他的口让他用额头听到声音！并且赐给他多种奇妙的恩赐！","荣耀主基督","2018-10-01","gh_ea4c96b6019a_2018-10-01_2649952104_gubJSKQ1fi.y.tar.gz","2018-10-01 22:56:51","该内容已被发布者删除"
"李敖说毛后悔放弃“中华民国”国号，你觉得委员长会相信吗？","闻道无先后","2018-10-01","gh_28abeddba711_2018-10-01_2247483871_6LHaBUfCOK.y.tar.gz","2018-10-01 23:07:26","此内容因违规无法查看"
"震惊：发达的国家的民众支持率往往比较低！","通往真理之路","2018-10-01","gh_d125a786f4aa_2018-10-01_2247484588_PpCxcsuGFJ.y.tar.gz","2018-10-01 23:48:57","此内容因违规无法查看"
"清真泛化对于一个正常国家的恶性循环性危害","汉文化研究","2018-10-01","gh_601e7ad0073c_2018-10-01_2247484909_1MqnxvSarQ.y.tar.gz","2018-10-02 00:00:46","此内容因违规无法查看"
"你以为在歌颂光明，却带来千年黑暗。","90后洞见","2018-09-29","gh_63ac0d780c3a_2018-09-29_2650089458_MDT2Ezxg3t.y.tar.gz","2018-10-02 00:04:00","此内容因违规无法查看"
"【我们一起庆国庆】我和国旗合个影，我为祖国献祝福","阿勒泰市零距离","2018-10-01","gh_50ff403149b1_2018-10-01_2651393333_YzeGtuLUVm.y.tar.gz","2018-10-02 00:49:54","该内容已被发布者删除"
"为了妹妹的50万手术费，神秘特种兵竟去做了富家小姐的贴身保镖......","浙江我老家","2018-09-29","gh_ace214d6b9c4_2018-09-29_2449732614_vrUCqNE9zK.y.tar.gz","2018-10-02 01:27:52","该内容已被发布者删除"
"去世21年后，王小波最爱的女人首次发声：我还爱你，依然爱着你…","有束光","2018-09-30","gh_4947673ee716_2018-09-30_2247561659_4xX08M5gOR.y.tar.gz","2018-10-02 02:07:02","该内容已被发布者删除"
"那些让你细思极恐的小事，能让你起一身的鸡皮疙瘩...","尸人","2018-10-01","gh_cfb5087c307a_2018-10-01_2247497558_a0G9YyMRXn.y.tar.gz","2018-10-02 01:43:01","该内容已被发布者删除"
"祖国、妈妈，你就是个大骗子！","法语如斯","2018-10-01","gh_4263f660bdf7_2018-10-01_2651495930_9c6SnVoU0B.y.tar.gz","2018-10-02 02:35:11","此内容因违规无法查看"
"论道| 张红：通过人格权立法促进人的全面发展(紫光阁)","法学学术前沿","2018-10-01","gh_78fa5de4947d_2018-10-01_2653167109_uAki4NhPQB.y.tar.gz","2018-10-02 02:58:52","该内容已被发布者删除"
"“学生会主席是你随便@的吗？”这种作派你是跟谁学的？","媒通社","2018-10-01","gh_b6b5921902ba_2018-10-01_2247490776_3yhCVs1gBA.y.tar.gz","2018-10-02 03:50:57","此内容因违规无法查看"
"毛建国：严格落实安全生产责任 让全县人民过一个欢乐祥和的节日","遂昌新闻","2018-10-01","gh_f4b94a2c6090_2018-10-01_2651076772_czLUe61rMa.y.tar.gz","2018-10-02 03:35:34","该内容已被发布者删除"
"全裸相亲不看脸先看下体？！新西兰这节目简直不忍直视！","决策参考","2018-10-01","gh_863aeb41bd65_2018-10-01_2651656240_7DpygL0qCc.y.tar.gz","2018-10-02 05:04:19","此内容因违规无法查看"
"“45万亿”来了，我们赚钱的机会也到了","天山老狼","2018-10-02","gh_21bb247aee5d_2018-10-02_2247484517_Ec6pSMaQ53.y.tar.gz","2018-10-02 10:54:13","该内容已被发布者删除"
"暴跌50%！万科突然宣布，最残酷的时刻到了！","苍声","2018-09-30","gh_97b2f01e93a1_2018-09-30_2247484515_SwXZFtuyQL.y.tar.gz","2018-10-02 06:37:06","此内容因违规无法查看"
"法院-副院长-收礼-被曝光!","黑幕揭晓","2018-10-02","gh_da784ed18f69_2018-10-02_2247486253_lrbeXN6f40.y.tar.gz","2018-10-02 10:20:51","此内容因违规无法查看"
"暴跌50%！万科突然宣布，最残酷的时刻到了！","千贤投资","2018-09-30","gh_25a5c3357f6d_2018-09-30_2453475936_fgld9koIJi.y.tar.gz","2018-10-02 11:16:45","此内容因违规无法查看"
"13岁少女被奸杀，男子被判死缓！23年后，法院却宣告他无罪","宁夏网虫","2018-09-30","gh_e37810039167_2018-09-30_2651865483_xCctNdDQ4G.y.tar.gz","2018-10-02 11:55:24","此内容因违规无法查看"
"孩子远行，我相送的八句心里话","奴隶社会","2018-10-02","gh_6dcfc0176630_2018-10-02_2651247687_zWrAETDjhf.y.tar.gz","2018-10-02 12:10:05","该内容已被发布者删除"
"暴跌50%！万科突然宣布，最残酷的时刻到了！","平民新世界","2018-09-30","gh_2f53a9e900c6_2018-09-30_2247483891_hL1Ze2G0Qu.y.tar.gz","2018-10-02 12:41:51","此内容因违规无法查看"
"广东省科学技术协会第九次代表大会召开","科协改革进行时","2018-09-30","gh_3e7c18694931_2018-09-30_2650957972_jbRd3HMVOU.y.tar.gz","2018-10-02 12:48:55","该内容已被发布者删除"
"袁显栋们的大学学生会，就像个官场","为你写一个故事","2018-10-02","gh_4c87bae15e04_2018-10-02_2457479963_7ws20gaYz0.y.tar.gz","2018-10-02 12:20:47","此内容因违规无法查看"
"时尚名媛就该戴脸基尼","新周刊","2018-10-02","gh_05f192fce051_2018-10-02_2653201064_M5ZtlqkFvX.y.tar.gz","2018-10-02 12:22:28","该内容已被发布者删除"
"22岁耿直镇长暴揍县委书记，不挨处分还连升三级当了市委书记！","浙江我老家","2018-09-30","gh_ace214d6b9c4_2018-09-30_2449732625_PGsTUVizXb.y.tar.gz","2018-10-02 12:37:37","该内容已被发布者删除"
"党员领导干部这些饭不能吃 | 沙画","贵州省纪委监委网站","2018-10-02","gh_c31de746862d_2018-10-02_2247489129_1aTGqSuOZt.y.tar.gz","2018-10-02 13:40:23","该内容已被发布者删除"
"无论方式多么隐蔽终究难逃“火眼金睛”","贵州省纪委监委网站","2018-10-02","gh_c31de746862d_2018-10-02_2247489129_UY7mfsR6JT.y.tar.gz","2018-10-02 13:40:45","该内容已被发布者删除"
"13岁少女被奸杀，男子被判死缓！23年后，法院宣告他无罪","木棉雅韵","2018-09-30","gh_95c307248280_2018-09-30_2247490096_0yKEMiN67t.y.tar.gz","2018-10-02 13:21:44","此内容因违规无法查看"
"楼市惊现尴尬一幕：曾疯狂抢房，如今却买房送宝马，500套房子开盘，0人购买！","时局报","2018-09-29","gh_42092c4a3925_2018-09-29_2247485446_TG8PipNot2.y.tar.gz","2018-10-02 13:37:16","该内容已被发布者删除"
"对好干部既要用好还须严管","贵州省纪委监委网站","2018-10-02","gh_c31de746862d_2018-10-02_2247489129_3UQqRIBNd0.y.tar.gz","2018-10-02 13:41:07","该内容已被发布者删除"
"京东搜索创始人分享京东高级规则权重解析！【自营和POP两个版本】","搜索书生","2018-09-30","gh_0048c81ee60c_2018-09-30_2654361717_Gj6db7XkLv.y.tar.gz","2018-10-02 14:46:04","该内容已被发布者删除"
"为什么女生25岁前一定要存钱？","大学生那点事儿","2018-10-02","gh_8508d5311fdc_2018-10-02_2650729615_WC0UYkiMoG.y.tar.gz","2018-10-02 14:28:01","该内容已被发布者删除"
"刘伯承淡出军界内情：因与彭德怀误会太深？","饭特特稀","2018-10-02","gh_19342c682c3b_2018-10-02_2247483807_FUmRf9ZjPd.y.tar.gz","2018-10-02 15:28:10","此内容因违规无法查看"
"重口味慎入！清纯美少女大战丧尸和外星寄生虫，这脑洞让人服气！！！","探索者","2018-09-30","gh_715befbd50ba_2018-09-30_2650660460_dxumvTKXjQ.y.tar.gz","2018-10-02 18:00:58","该内容已被发布者删除"
"备受15亿老百姓关注的一份红头文件","天下王家","2018-09-30","gh_be4f96faf929_2018-09-30_2247485520_TnbZCfxHUc.y.tar.gz","2018-10-02 17:38:03","此内容因违规无法查看"
"懵懂少年得验尸官爷爷真传，用三千年前验尸手法专破各种灵异案件......","韩城周边大小事","2018-09-30","gh_063bda886aec_2018-09-30_2247491099_lAgfhC8zPY.y.tar.gz","2018-10-02 18:42:35","该内容已被发布者删除"
"苟利国家生死以 岂因祸福避趋之。","烧伤超人阿宝","2018-10-01","gh_50a31d057fec_2018-10-01_2653866660_7BVgfaxhFi.y.tar.gz","2018-10-02 18:52:23","此内容因违规无法查看"
"丁咚│“罗杰斯之问”能不能敲醒中国？","丁咚","2018-10-02","gh_78781839fd66_2018-10-02_2956744806_lE5GmKzSni.y.tar.gz","2018-10-02 18:28:52","此内容因违规无法查看"
"张鸣：袁世凯当皇帝，主流知识界几乎无人反对","大家","2018-10-02","gh_4bcbc9c6c881_2018-10-02_2652696223_rpYoTkqOnP.y.tar.gz","2018-10-02 19:03:20","该内容已被发布者删除"
"暴跌50%！万科突然宣布，最残酷的时刻到了！","财经要参","2018-09-29","gh_34471e1f4b56_2018-09-29_2652970878_YosOFMyQUk.y.tar.gz","2018-10-02 20:06:09","此内容因违规无法查看"
"请紧急扩散：身上佩戴“钥匙扣”有讲究，否则会构成犯罪！","天下王家","2018-10-01","gh_be4f96faf929_2018-10-01_2247485526_X9YcPlu10O.y.tar.gz","2018-10-02 19:22:53","此内容因违规无法查看"
"范冰冰“消失”的100多天，崔永元又有了大动作！","财经要参","2018-09-30","gh_34471e1f4b56_2018-09-30_2652970909_zSi4thv9jq.y.tar.gz","2018-10-02 20:06:53","该内容已被发布者删除"
"这个社会为什么充满戾气？因为相对剥夺感得不到宣泄","二手见闻","2018-10-02","gh_7d36712cb60a_2018-10-02_2247484029_Br4yYCbaIu.y.tar.gz","2018-10-02 20:25:41","此内容因违规无法查看"
"【学术大会】24. 异彩纷呈的分论坛（3）——基础研究分论坛","中国艾协动态","2018-10-02","gh_2f60bdf18ae9_2018-10-02_2650107789_q1YxwAlBI5.y.tar.gz","2018-10-02 20:22:08","该内容已被发布者删除"
"朱海就：真正的剥削来自权力，而非资本","苍声","2018-10-02","gh_97b2f01e93a1_2018-10-02_2247484527_HJt7OGmZvT.y.tar.gz","2018-10-02 20:44:50","此内容因违规无法查看"
"喝水加一物，排除体内10年垃圾，防癌，抗衰老美容养颜！","黑幕观察","2018-09-30","gh_5910d7b32d72_2018-09-30_2247484171_RrpKfZyH6I.y.tar.gz","2018-10-02 21:31:27","该内容已被发布者删除"
"他高考将名字写错，竟成一代名书家！","坦腹斋","2018-10-02","gh_a53dbc2e04b7_2018-10-02_2652135057_ATKsSJ0av3.y.tar.gz","2018-10-02 22:46:21","该内容已被发布者删除"
"这个国庆，我要在支付宝上免费领个对象","地心引力工场","2018-09-30","gh_5d9848c39995_2018-09-30_2649950986_8Xx1JULsV7.y.tar.gz","2018-10-03 00:49:30","该内容已被发布者删除"
"出身耶鲁的卡瓦诺在校期间都干了些什么？","视角","2018-10-02","gh_0de101b8d247_2018-10-02_2649704356_PGFcqvxY1N.y.tar.gz","2018-10-03 00:58:46","该内容已被发布者删除"
"陈丹青：我看徐悲鸿，为什么我们的时代休想出现大师?","才华有限的企鹅","2018-10-02","gh_b9fc77031daa_2018-10-02_2247484385_Eg9ZAjlJKr.y.tar.gz","2018-10-03 01:12:11","此内容因违规无法查看"
"国庆节快乐","中国文艺评论","2018-10-01","gh_5c80f42d1ace_2018-10-01_2652307095_95QJBzyCEq.y.tar.gz","2018-10-03 07:20:31","该内容已被发布者删除"
"别再花钱买假蜂蜜了，深山养蜂人告诉你不为人知的真相...","画友之家","2018-10-01","gh_e4d7b38fb8a3_2018-10-01_2653315381_R0Hq1Yjhs2.y.tar.gz","2018-10-03 07:54:54","该内容已被发布者删除"
"拍打治愈多年的抑郁症，高血压和脑梗后遗症，腰椎间盘突出等发心把揉脐拍打拉筋推广到社区~~","经络养生网","2018-10-01","gh_400cad35261c_2018-10-01_2651071281_Y7Ho60GqRC.y.tar.gz","2018-10-03 07:48:36","该内容已被发布者删除"
"微视频|迎国庆，检察人对祖国有感激的话说……","盐城检察在线","2018-10-01","gh_97f487331201_2018-10-01_2650103462_FzR0QsGHjX.y.tar.gz","2018-10-03 03:29:36","该内容已被发布者删除"
"领导调研｜曾润云深入市南白中学、市二十二中调研","遵义教育","2018-10-01","gh_5a3d33624a4e_2018-10-01_2650150261_EHXJU0ThoI.y.tar.gz","2018-10-03 04:30:00","该内容已被发布者删除"
"懵懂少年得验尸官爷爷真传，用三千年前验尸手法专破各种灵异案件......","探索者","2018-10-01","gh_715befbd50ba_2018-10-01_2650660476_d9WX7b6L1u.y.tar.gz","2018-10-03 04:32:33","该内容已被发布者删除"
"通过神经移植手术，三名瘫痪患者重获行走能力","DeepTech深科技","2018-10-01","gh_27c43c799b0c_2018-10-01_2649555024_QufgVHXTLD.y.tar.gz","2018-10-03 05:29:36","该内容已被发布者删除"
"韩城周边招聘求职、出售求购、出租求租、征婚信息","韩城周边大小事","2018-10-01","gh_063bda886aec_2018-10-01_2247491111_yEsS1T7o5U.y.tar.gz","2018-10-03 04:57:24","该内容已被发布者删除"
"人到中年的不得已，连哭都不敢大声","郭松民的散兵坑","2018-09-29","gh_b5a719089c67_2018-09-29_2247485545_zqZ063lbya.y.tar.gz","2018-10-03 07:17:14","该内容已被发布者删除"
"宾客请用膳，欢欢喜喜迎国庆，同仁忙碌多，感恩各位在心间","金峰国际饭店集团","2018-10-03","gh_ac4908aad383_2018-10-03_2650399254_EmPBwhMfug.y.tar.gz","2018-10-03 10:53:55","该内容已被发布者删除"
"尼采：人类生活所剩还有什么不能颠覆呢","罗四鸰阅读","2018-10-03","gh_c65741072a25_2018-10-03_2649759055_mF5VnyP4GU.y.tar.gz","2018-10-03 10:15:59","该内容已被发布者删除"
"杨主席是你们直接 @的？！| 2018.10.3 图文欣赏：“战狼型”女记者孔琳琳","透过图片看世界","2018-10-03","gh_cd7075f41e01_2018-10-03_2449963744_ACk0o8L9xD.y.tar.gz","2018-10-03 10:42:05","此内容因违规无法查看"
"望奎新闻2018-9-30","望奎广电网","2018-10-01","gh_19d018a8fdfd_2018-10-01_2247487570_IugskEhf6m.y.tar.gz","2018-10-03 11:59:03","该内容已被发布者删除"
"北方青杨：《河岸上的少年》（65）","北方青杨","2018-10-02","gh_a515ab04b947_2018-10-02_2247487862_3WeHUDmK2r.y.tar.gz","2018-10-03 11:42:06","该内容已被发布者删除"
"何干强 | 违宪的“公有制为主导”论及其实质——评高先生的“改革建议”","察网研究","2018-10-01","gh_cf95273f3e84_2018-10-01_2247487726_5wY3KcZtnR.y.tar.gz","2018-10-03 11:41:22","此内容因违规无法查看"
"好大的官威！高校学生在群里@学长被怼，写错名字被罚抄50遍","麻辣未闻","2018-10-03","gh_8f8888d8cd29_2018-10-03_2651725423_2nmdveLpNx.y.tar.gz","2018-10-03 12:16:44","该内容已被发布者删除"
"某宝某东网购内幕，看看你被坑了多少钱？","尸人","2018-09-30","gh_cfb5087c307a_2018-09-30_2247497532_G8FiU0mtMa.y.tar.gz","2018-10-03 13:37:41","该内容已被发布者删除"
"罕见！三名官员国庆前同日被双开，均涉及男女问题","法苑茶语","2018-10-01","gh_bf54f24b2e87_2018-10-01_2247489347_vsWZpYXR6B.y.tar.gz","2018-10-03 14:19:45","此内容因违规无法查看"
"又一央企发生7.5亿债券回售违约！30亿票据+80亿贷款+80亿债券待还！涉及20家银行","贸易金融","2018-10-01","gh_899bb1d78e2a_2018-10-01_2651710031_uNlKGXMYkd.y.tar.gz","2018-10-03 15:20:40","此内容因违规无法查看"
"从昨天某X你就知道中国人官瘾大/搞人/欺压下级是怎么来的！","魔都囡","2018-10-02","gh_ae36af7e44bd_2018-10-02_2247500849_veJBGFp5n2.y.tar.gz","2018-10-03 17:05:15","此内容因违规无法查看"
"痞子兵王被开除出部队当保安,竟被霸道女上司强势逼婚…","红色聚焦","2018-10-02","gh_28a27f6c0472_2018-10-02_2247485048_DVnGgIAucR.y.tar.gz","2018-10-03 17:12:10","该内容已被发布者删除"
"鹿野 | 今年烈士纪念日和国庆节的怪事","察网研究","2018-10-03","gh_cf95273f3e84_2018-10-03_2247487745_h8rIePtjLf.y.tar.gz","2018-10-03 17:13:32","此内容因违规无法查看"
"关舆 | 特朗普及美国资本寡头的恐惧与哀嚎——评特朗普联大演讲","察网研究","2018-10-03","gh_cf95273f3e84_2018-10-03_2247487745_VwOsrXqSfK.y.tar.gz","2018-10-03 17:13:10","此内容因违规无法查看"
